"ID"	"OrderLoc"	"Location"	"StartLoc"	"TypeEvent"	"Date"	"EndLoc"
1000	1	"VIE"	1985-01-01	"Birth"	1985-01-01	1986-01-01
1000	2	"SKA"	1986-01-01	"Transfer"	1986-01-01	1987-12-01
1000	2	"SKA"	1986-01-01	"Breed"	1986-12-01	1987-12-01
1000	2	"SKA"	1986-01-01	"End"	1987-12-01	1987-12-01
1001	1	"VIE"	1984-01-01	"Birth"	1984-01-01	1985-01-01
1001	2	"SKA"	1985-01-01	"Transfer"	1985-01-01	1987-01-01
1001	2	"SKA"	1985-01-01	"Breed"	1986-01-01	1987-01-01
1001	2	"SKA"	1985-01-01	"End"	1987-01-01	1987-01-01
1002	1	"VIE"	1966-06-10	"Birth"	1966-06-10	1967-06-10
1002	2	"USD"	1967-06-10	"Transfer"	1967-06-10	1968-06-10
1002	3	"HON"	1968-06-10	"Transfer"	1968-06-10	1984-04-28
1002	3	"HON"	1968-06-10	"End"	1984-04-28	1984-04-28
1003	1	"VIE"	1969-01-05	"Birth"	1969-01-05	1970-01-05
1003	2	"HON"	1970-01-05	"Transfer"	1970-01-05	1982-01-29
1003	2	"HON"	1970-01-05	"End"	1982-01-29	1982-01-29
1004	1	"VIE"	1971-10-18	"Birth"	1971-10-18	1972-10-18
1004	2	"HON"	1972-10-18	"Transfer"	1972-10-18	1973-10-18
1004	2	"HON"	1972-10-18	"End"	1973-10-18	1973-10-18
1005	1	"VIE"	1971-10-18	"Birth"	1971-10-18	1972-10-18
1005	2	"HON"	1972-10-18	"Transfer"	1972-10-18	1973-10-18
1005	2	"HON"	1972-10-18	"End"	1973-10-18	1973-10-18
1006	1	"UND"	1989-01-01	"Birth"	1989-01-01	1989-01-01
1006	2	"PUB"	1989-01-01	"Transfer"	1989-01-01	1991-06-02
1006	3	"FIT"	1991-06-02	"Transfer"	1991-06-02	1991-06-12
1006	3	"FIT"	1991-06-02	"End"	1991-06-12	1991-06-12
1007	1	"VIE"	1983-03-01	"Birth"	1983-03-01	1986-03-01
1007	2	"SKA"	1986-03-01	"Transfer"	1986-03-01	1987-04-05
1007	3	"DUK"	1987-04-05	"Transfer"	1987-04-05	1990-05-12
1007	3	"DUK"	1987-04-05	"End"	1990-05-12	1990-05-12
1008	1	"VIE"	1983-03-01	"Birth"	1983-03-01	1984-06-01
1008	2	"BAN"	1984-06-01	"Transfer"	1984-06-01	1986-12-19
1008	3	"SKA"	1986-12-19	"Transfer"	1986-12-19	1987-04-05
1008	3	"SKA"	1986-12-19	"Breed"	1987-02-17	1987-04-05
1008	4	"DUK"	1987-04-05	"Transfer"	1987-04-05	1998-10-15
1008	4	"DUK"	1987-04-05	"Breed"	1988-01-01	1998-10-15
1008	4	"DUK"	1987-04-05	"Breed"	1988-11-17	1998-10-15
1008	4	"DUK"	1987-04-05	"Breed"	1990-08-17	1998-10-15
1008	4	"DUK"	1987-04-05	"Breed"	1994-03-15	1998-10-15
1008	4	"DUK"	1987-04-05	"End"	1998-10-15	1998-10-15
1009	1	"VIE"	1984-01-01	"Birth"	1984-01-01	1986-04-01
1009	2	"SKA"	1986-04-01	"Transfer"	1986-04-01	1987-04-05
1009	3	"DUK"	1987-04-05	"Transfer"	1987-04-05	1990-09-28
1009	3	"DUK"	1987-04-05	"End"	1990-09-28	1990-09-28
1010	1	"VIE"	1984-01-01	"Birth"	1984-01-01	1986-04-01
1010	2	"SKA"	1986-04-01	"Transfer"	1986-04-01	1987-04-05
1010	3	"DUK"	1987-04-05	"Transfer"	1987-04-05	1993-04-18
1010	3	"DUK"	1987-04-05	"Breed"	1990-06-30	1993-04-18
1010	3	"DUK"	1987-04-05	"Breed"	1991-03-09	1993-04-18
1010	3	"DUK"	1987-04-05	"End"	1993-04-18	1993-04-18
1011	1	"VIE"	1984-01-01	"Birth"	1984-01-01	1985-10-24
1011	2	"SKA"	1985-10-24	"Transfer"	1985-10-24	1987-04-05
1011	3	"DUK"	1987-04-05	"Transfer"	1987-04-05	1989-05-19
1011	3	"DUK"	1987-04-05	"End"	1989-05-19	1989-05-19
1012	1	"VIE"	1984-01-01	"Birth"	1984-01-01	1986-04-01
1012	2	"SKA"	1986-04-01	"Transfer"	1986-04-01	1987-04-05
1012	2	"SKA"	1986-04-01	"Breed"	1987-02-17	1987-04-05
1012	3	"DUK"	1987-04-05	"Transfer"	1987-04-05	1998-07-21
1012	3	"DUK"	1987-04-05	"Breed"	1988-01-01	1998-07-21
1012	3	"DUK"	1987-04-05	"Breed"	1988-11-17	1998-07-21
1012	3	"DUK"	1987-04-05	"Breed"	1994-04-11	1998-07-21
1012	3	"DUK"	1987-04-05	"Breed"	1995-02-15	1998-07-21
1012	3	"DUK"	1987-04-05	"Breed"	1996-04-25	1998-07-21
1012	3	"DUK"	1987-04-05	"End"	1998-07-21	1998-07-21
1013	1	"VIE"	1984-01-01	"Birth"	1984-01-01	1985-01-01
1013	2	"SKA"	1985-01-01	"Transfer"	1985-01-01	1987-01-01
1013	2	"SKA"	1985-01-01	"Breed"	1986-01-01	1987-01-01
1013	2	"SKA"	1985-01-01	"End"	1987-01-01	1987-01-01
1014	1	"VIE"	1985-05-01	"Birth"	1985-05-01	1986-05-01
1014	2	"SKA"	1986-05-01	"Transfer"	1986-05-01	1987-05-01
1014	3	"CRY"	1987-05-01	"Transfer"	1987-05-01	1995-12-31
1014	3	"CRY"	1987-05-01	"Breed"	1988-04-10	1995-12-31
1014	3	"CRY"	1987-05-01	"Breed"	1991-11-09	1995-12-31
1014	3	"CRY"	1987-05-01	"Breed"	1992-11-14	1995-12-31
1014	3	"CRY"	1987-05-01	"End"	1995-12-31	1995-12-31
1015	1	"VIE"	1985-05-01	"Birth"	1985-05-01	1986-05-01
1015	2	"SKA"	1986-05-01	"Transfer"	1986-05-01	1987-05-01
1015	3	"CRY"	1987-05-01	"Transfer"	1987-05-01	1994-12-07
1015	3	"CRY"	1987-05-01	"Breed"	1988-04-10	1994-12-07
1015	3	"CRY"	1987-05-01	"Breed"	1991-11-09	1994-12-07
1015	3	"CRY"	1987-05-01	"Breed"	1992-11-14	1994-12-07
1015	3	"CRY"	1987-05-01	"End"	1994-12-07	1994-12-07
1016	1	"UND"	1985-01-01	"Birth"	1985-01-01	1986-03-01
1016	2	"SKA"	1986-03-01	"Transfer"	1986-03-01	1987-04-05
1016	3	"SOZ"	1987-04-05	"Transfer"	1987-04-05	1993-04-22
1016	3	"SOZ"	1987-04-05	"Breed"	1988-01-12	1993-04-22
1016	3	"SOZ"	1987-04-05	"Breed"	1989-02-26	1993-04-22
1016	3	"SOZ"	1987-04-05	"Breed"	1990-03-24	1993-04-22
1016	3	"SOZ"	1987-04-05	"End"	1993-04-22	1993-04-22
1017	1	"UND"	1985-03-01	"Birth"	1985-03-01	1986-03-01
1017	2	"SKA"	1986-03-01	"Transfer"	1986-03-01	1987-04-05
1017	3	"SOZ"	1987-04-05	"Transfer"	1987-04-05	1997-01-17
1017	3	"SOZ"	1987-04-05	"Breed"	1989-02-25	1997-01-17
1017	3	"SOZ"	1987-04-05	"Breed"	1993-03-24	1997-01-17
1017	3	"SOZ"	1987-04-05	"Breed"	1995-02-26	1997-01-17
1017	3	"SOZ"	1987-04-05	"End"	1997-01-17	1997-01-17
1017	3	"SOZ"	1987-04-05	"Breed"	1997-02-20	1997-01-17
1018	1	"UND"	1985-03-01	"Birth"	1985-03-01	1986-03-01
1018	2	"SKA"	1986-03-01	"Transfer"	1986-03-01	1987-04-05
1018	3	"SOZ"	1987-04-05	"Transfer"	1987-04-05	1993-11-01
1018	3	"SOZ"	1987-04-05	"Breed"	1989-02-27	1993-11-01
1018	3	"SOZ"	1987-04-05	"End"	1993-11-01	1993-11-01
1019	1	"UND"	1985-03-01	"Birth"	1985-03-01	1986-03-01
1019	2	"SKA"	1986-03-01	"Transfer"	1986-03-01	1987-04-05
1019	3	"SOZ"	1987-04-05	"Transfer"	1987-04-05	1995-03-02
1019	3	"SOZ"	1987-04-05	"Breed"	1988-01-12	1995-03-02
1019	3	"SOZ"	1987-04-05	"Breed"	1989-02-26	1995-03-02
1019	3	"SOZ"	1987-04-05	"Breed"	1990-03-24	1995-03-02
1019	3	"SOZ"	1987-04-05	"Breed"	1995-02-26	1995-03-02
1019	3	"SOZ"	1987-04-05	"End"	1995-03-02	1995-03-02
1020	1	"UND"	1985-03-01	"Birth"	1985-03-01	1986-03-01
1020	2	"SKA"	1986-03-01	"Transfer"	1986-03-01	1987-04-05
1020	3	"SOZ"	1987-04-05	"Transfer"	1987-04-05	1990-12-05
1020	3	"SOZ"	1987-04-05	"Breed"	1989-02-25	1990-12-05
1020	3	"SOZ"	1987-04-05	"End"	1990-12-05	1990-12-05
1021	1	"UND"	1985-03-01	"Birth"	1985-03-01	1986-03-01
1021	2	"SKA"	1986-03-01	"Transfer"	1986-03-01	1987-04-05
1021	3	"SOZ"	1987-04-05	"Transfer"	1987-04-05	1999-07-08
1021	3	"SOZ"	1987-04-05	"Breed"	1989-02-27	1999-07-08
1021	3	"SOZ"	1987-04-05	"Breed"	1993-03-24	1999-07-08
1021	3	"SOZ"	1987-04-05	"End"	1999-07-08	1999-07-08
1022	1	"VIE"	1985-01-01	"Birth"	1985-01-01	1986-04-01
1022	2	"SKA"	1986-04-01	"Transfer"	1986-04-01	1987-04-05
1022	3	"DUK"	1987-04-05	"Transfer"	1987-04-05	1998-06-23
1022	3	"DUK"	1987-04-05	"Breed"	1990-08-17	1998-06-23
1022	4	"MIN"	1998-06-23	"Transfer"	1998-06-23	2000-04-10
1022	4	"MIN"	1998-06-23	"End"	2000-04-10	2000-04-10
1023	1	"VIE"	1985-03-01	"Birth"	1985-03-01	1986-12-19
1023	2	"SKA"	1986-12-19	"Transfer"	1986-12-19	1987-04-05
1023	3	"DUK"	1987-04-05	"Transfer"	1987-04-05	1996-05-31
1023	3	"DUK"	1987-04-05	"Breed"	1990-06-30	1996-05-31
1023	3	"DUK"	1987-04-05	"Breed"	1991-03-09	1996-05-31
1023	3	"DUK"	1987-04-05	"Breed"	1994-03-15	1996-05-31
1023	3	"DUK"	1987-04-05	"End"	1996-05-31	1996-05-31
1024	1	"VIE"	1985-03-01	"Birth"	1985-03-01	1986-03-01
1024	2	"SKA"	1986-03-01	"Transfer"	1986-03-01	1987-07-20
1024	3	"CIN"	1987-07-20	"Transfer"	1987-07-20	1988-10-12
1024	4	"CBR"	1988-10-12	"Transfer"	1988-10-12	1990-06-29
1024	4	"CBR"	1988-10-12	"Breed"	1988-10-24	1990-06-29
1024	4	"CBR"	1988-10-12	"End"	1990-06-29	1990-06-29
1025	1	"VIE"	1985-01-01	"Birth"	1985-01-01	1986-09-25
1025	2	"SKA"	1986-09-25	"Transfer"	1986-09-25	1987-07-20
1025	3	"CIN"	1987-07-20	"Transfer"	1987-07-20	1997-05-26
1025	3	"CIN"	1987-07-20	"End"	1997-05-26	1997-05-26
1026	1	"VIE"	1985-03-01	"Birth"	1985-03-01	1986-03-01
1026	2	"SKA"	1986-03-01	"Transfer"	1986-03-01	1987-07-20
1026	3	"CIN"	1987-07-20	"Transfer"	1987-07-20	1990-12-15
1026	3	"CIN"	1987-07-20	"Breed"	1988-02-29	1990-12-15
1026	3	"CIN"	1987-07-20	"End"	1990-12-15	1990-12-15
1029	1	"VIE"	1983-01-01	"Birth"	1983-01-01	1985-01-01
1029	2	"SKA"	1985-01-01	"Transfer"	1985-01-01	1987-12-01
1029	2	"SKA"	1985-01-01	"Breed"	1986-12-01	1987-12-01
1029	2	"SKA"	1985-01-01	"End"	1987-12-01	1987-12-01
1030	1	"VIE"	1986-01-01	"Birth"	1986-01-01	1986-09-25
1030	2	"SKA"	1986-09-25	"Transfer"	1986-09-25	1987-07-20
1030	3	"CIN"	1987-07-20	"Transfer"	1987-07-20	1988-10-12
1030	4	"CBR"	1988-10-12	"Transfer"	1988-10-12	1989-06-01
1030	4	"CBR"	1988-10-12	"Breed"	1988-10-24	1989-06-01
1030	4	"CBR"	1988-10-12	"End"	1989-06-01	1989-06-01
1031	1	"VIE"	1986-01-01	"Birth"	1986-01-01	1986-09-25
1031	2	"SKA"	1986-09-25	"Transfer"	1986-09-25	1987-07-20
1031	3	"CIN"	1987-07-20	"Transfer"	1987-07-20	1992-07-16
1031	4	"SEA"	1992-07-16	"Transfer"	1992-07-16	2004-01-19
1031	4	"SEA"	1992-07-16	"End"	2004-01-19	2004-01-19
1032	1	"VIE"	1985-01-01	"Birth"	1985-01-01	1986-03-01
1032	2	"SKA"	1986-03-01	"Transfer"	1986-03-01	1987-07-20
1032	3	"CIN"	1987-07-20	"Transfer"	1987-07-20	1997-03-11
1032	3	"CIN"	1987-07-20	"Breed"	1988-04-04	1997-03-11
1032	3	"CIN"	1987-07-20	"Breed"	1989-08-15	1997-03-11
1032	3	"CIN"	1987-07-20	"End"	1997-03-11	1997-03-11
1033	1	"VIE"	1986-01-01	"Birth"	1986-01-01	1986-03-01
1033	2	"SKA"	1986-03-01	"Transfer"	1986-03-01	1987-07-20
1033	3	"CIN"	1987-07-20	"Transfer"	1987-07-20	1988-07-27
1033	3	"CIN"	1987-07-20	"End"	1988-07-27	1988-07-27
1034	1	"LAO"	1985-01-01	"Birth"	1985-01-01	1985-12-30
1034	2	"FOR"	1985-12-30	"Transfer"	1985-12-30	1986-12-29
1034	3	"POZ"	1986-12-29	"Transfer"	1986-12-29	1987-03-14
1034	3	"POZ"	1986-12-29	"Breed"	1987-02-14	1987-03-14
1034	4	"SKA"	1987-03-14	"Transfer"	1987-03-14	1987-04-14
1034	4	"SKA"	1987-04-14	"Transfer"	1987-04-14	1987-07-20
1034	5	"CIN"	1987-07-20	"Transfer"	1987-07-20	1992-02-14
1034	5	"CIN"	1987-07-20	"Breed"	1988-02-29	1992-02-14
1034	5	"CIN"	1987-07-20	"End"	1992-02-14	1992-02-14
1035	1	"VIE"	1985-01-01	"Birth"	1985-01-01	1985-12-30
1035	2	"FOR"	1985-12-30	"Transfer"	1985-12-30	1986-12-29
1035	3	"POZ"	1986-12-29	"Transfer"	1986-12-29	1987-03-14
1035	3	"POZ"	1986-12-29	"Breed"	1987-02-14	1987-03-14
1035	4	"SKA"	1987-03-14	"Transfer"	1987-03-14	1987-07-20
1035	5	"CIN"	1987-07-20	"Transfer"	1987-07-20	1990-11-23
1035	5	"CIN"	1987-07-20	"End"	1990-11-23	1990-11-23
1036	1	"VIE"	1986-01-01	"Birth"	1986-01-01	1986-07-01
1036	2	"FOR"	1986-07-01	"Transfer"	1986-07-01	1986-12-29
1036	3	"POZ"	1986-12-29	"Transfer"	1986-12-29	1987-04-14
1036	4	"SKA"	1987-04-14	"Transfer"	1987-04-14	1987-07-20
1036	5	"CIN"	1987-07-20	"Transfer"	1987-07-20	1989-10-25
1036	5	"CIN"	1987-07-20	"Breed"	1988-04-04	1989-10-25
1036	5	"CIN"	1987-07-20	"Breed"	1989-08-15	1989-10-25
1036	5	"CIN"	1987-07-20	"End"	1989-10-25	1989-10-25
1037	1	"VIE"	1986-01-01	"Birth"	1986-01-01	1986-03-01
1037	2	"SKA"	1986-03-01	"Transfer"	1986-03-01	1987-07-20
1037	3	"CIN"	1987-07-20	"Transfer"	1987-07-20	1990-06-01
1037	3	"CIN"	1987-07-20	"End"	1990-06-01	1990-06-01
1038	1	"VIE"	1985-05-11	"Birth"	1985-05-11	1986-05-11
1038	2	"SKA"	1986-05-11	"Transfer"	1986-05-11	1987-07-20
1038	3	"CIN"	1987-07-20	"Transfer"	1987-07-20	1989-07-13
1038	3	"CIN"	1987-07-20	"End"	1989-07-13	1989-07-13
1039	1	"UND"	1985-10-15	"Birth"	1985-10-15	1986-10-15
1039	2	"WOR"	1986-10-15	"Transfer"	1986-10-15	1987-10-15
1039	3	"CIN"	1987-10-15	"Transfer"	1987-10-15	1990-11-28
1039	4	"PHI"	1990-11-28	"Transfer"	1990-11-28	1997-05-18
1039	4	"PHI"	1990-11-28	"End"	1997-05-18	1997-05-18
1040	1	"SKA"	1986-01-01	"Birth"	1986-01-01	1988-10-11
1040	2	"PHI"	1988-10-11	"Transfer"	1988-10-11	2002-08-17
1040	2	"PHI"	1988-10-11	"Breed"	1990-01-17	2002-08-17
1040	2	"PHI"	1988-10-11	"Breed"	1991-04-13	2002-08-17
1040	2	"PHI"	1988-10-11	"Breed"	1992-08-08	2002-08-17
1040	2	"PHI"	1988-10-11	"Breed"	1994-03-09	2002-08-17
1040	2	"PHI"	1988-10-11	"Breed"	1995-02-23	2002-08-17
1040	2	"PHI"	1988-10-11	"Breed"	1997-01-16	2002-08-17
1040	2	"PHI"	1988-10-11	"End"	2002-08-17	2002-08-17
1041	1	"SKA"	1986-12-01	"Birth"	1986-12-01	1988-10-11
1041	2	"PHI"	1988-10-11	"Transfer"	1988-10-11	2001-04-07
1041	2	"PHI"	1988-10-11	"Breed"	1990-01-17	2001-04-07
1041	2	"PHI"	1988-10-11	"Breed"	1991-04-13	2001-04-07
1041	2	"PHI"	1988-10-11	"Breed"	1992-08-08	2001-04-07
1041	2	"PHI"	1988-10-11	"Breed"	1994-03-09	2001-04-07
1041	2	"PHI"	1988-10-11	"Breed"	1995-02-23	2001-04-07
1041	2	"PHI"	1988-10-11	"Breed"	1997-01-16	2001-04-07
1041	2	"PHI"	1988-10-11	"End"	2001-04-07	2001-04-07
1042	1	"UND"	1988-05-07	"Birth"	1988-05-07	1989-05-07
1042	2	"SAN"	1989-05-07	"Transfer"	1989-05-07	1989-08-15
1042	3	"HOU"	1989-08-15	"Transfer"	1989-08-15	1999-11-05
1042	3	"HOU"	1989-08-15	"Breed"	1992-02-14	1999-11-05
1042	3	"HOU"	1989-08-15	"End"	1999-11-05	1999-11-05
1043	1	"UND"	1987-08-20	"Birth"	1987-08-20	1988-08-20
1043	2	"CAF"	1988-08-20	"Transfer"	1988-08-20	1989-08-20
1043	3	"SEA"	1989-08-20	"Transfer"	1989-08-20	1996-09-15
1043	3	"SEA"	1989-08-20	"Breed"	1992-03-30	1996-09-15
1043	3	"SEA"	1989-08-20	"End"	1996-09-15	1996-09-15
1044	1	"THA"	1984-01-01	"Birth"	1984-01-01	1986-10-26
1044	2	"CAF"	1986-10-26	"Transfer"	1986-10-26	1989-08-20
1044	3	"SEA"	1989-08-20	"Transfer"	1989-08-20	1992-06-18
1044	4	"DUK"	1992-06-18	"Transfer"	1992-06-18	1997-04-24
1044	4	"DUK"	1992-06-18	"Breed"	1994-04-11	1997-04-24
1044	4	"DUK"	1992-06-18	"Breed"	1995-02-15	1997-04-24
1044	4	"DUK"	1992-06-18	"Breed"	1996-04-25	1997-04-24
1044	5	"HOU"	1997-04-24	"Transfer"	1997-04-24	2003-01-01
1044	5	"HOU"	1997-04-24	"End"	2003-01-01	2003-01-01
1045	1	"POZ"	1987-02-14	"Birth"	1987-02-14	1987-03-14
1045	2	"SKA"	1987-03-14	"Transfer"	1987-03-14	1988-08-10
1045	3	"SAN"	1988-08-10	"Transfer"	1988-08-10	1989-08-15
1045	4	"HOU"	1989-08-15	"Transfer"	1989-08-15	1992-04-22
1045	4	"HOU"	1989-08-15	"Breed"	1990-04-06	1992-04-22
1045	5	"PUE"	1992-04-22	"Transfer"	1992-04-22	2004-11-09
1045	6	"HOU"	2004-11-09	"Breed"	1990-04-06	2009-01-22
1045	6	"HOU"	2004-11-09	"Transfer"	2004-11-09	2009-01-22
1045	6	"HOU"	2004-11-09	"End"	2009-01-22	2009-01-22
1046	1	"POZ"	1987-02-14	"Birth"	1987-02-14	1987-03-14
1046	2	"SKA"	1987-03-14	"Transfer"	1987-03-14	1988-08-10
1046	3	"SAN"	1988-08-10	"Transfer"	1988-08-10	1989-08-15
1046	4	"HOU"	1989-08-15	"Transfer"	1989-08-15	1992-04-22
1046	4	"HOU"	1989-08-15	"Breed"	1990-04-06	1992-04-22
1046	5	"PUE"	1992-04-22	"Transfer"	1992-04-22	2004-11-09
1046	6	"HOU"	2004-11-09	"Breed"	1990-04-06	2006-08-12
1046	6	"HOU"	2004-11-09	"Transfer"	2004-11-09	2006-08-12
1046	6	"HOU"	2004-11-09	"End"	2006-08-12	2006-08-12
1047	1	"SKA"	1987-02-17	"Birth"	1987-02-17	1987-04-05
1047	2	"DUK"	1987-04-05	"Transfer"	1987-04-05	1998-08-09
1047	2	"DUK"	1987-04-05	"End"	1998-08-09	1998-08-09
1048	1	"DUK"	1988-01-01	"Birth"	1988-01-01	1990-09-21
1048	1	"DUK"	1988-01-01	"End"	1990-09-21	1990-09-21
1049	1	"DUK"	1988-01-01	"Birth"	1988-01-01	1988-01-01
1049	1	"DUK"	1988-01-01	"End"	1988-01-01	1988-01-01
1050	1	"SOZ"	1988-01-12	"Birth"	1988-01-12	1988-02-02
1050	1	"SOZ"	1988-01-12	"End"	1988-02-02	1988-02-02
1051	1	"CIN"	1988-02-29	"Birth"	1988-02-29	1989-09-20
1051	2	"CBR"	1989-09-20	"Transfer"	1989-09-20	1997-02-20
1051	2	"CBR"	1989-09-20	"Breed"	1990-06-15	1997-02-20
1051	2	"CBR"	1989-09-20	"Breed"	1992-04-03	1997-02-20
1051	2	"CBR"	1989-09-20	"Breed"	1993-05-30	1997-02-20
1051	2	"CBR"	1989-09-20	"Breed"	1994-03-18	1997-02-20
1051	2	"CBR"	1989-09-20	"Breed"	1995-03-26	1997-02-20
1051	2	"CBR"	1989-09-20	"Breed"	1996-02-02	1997-02-20
1051	2	"CBR"	1989-09-20	"Breed"	1997-01-10	1997-02-20
1051	2	"CBR"	1989-09-20	"End"	1997-02-20	1997-02-20
1052	1	"CIN"	1988-04-04	"Birth"	1988-04-04	1988-04-05
1052	1	"CIN"	1988-04-04	"End"	1988-04-05	1988-04-05
1053	1	"CRY"	1988-04-10	"Birth"	1988-04-10	1992-03-26
1053	1	"CRY"	1988-04-10	"End"	1992-03-26	1992-03-26
1054	1	"CBR"	1988-10-24	"Birth"	1988-10-24	2002-03-04
1054	1	"CBR"	1988-10-24	"Breed"	1990-06-15	2002-03-04
1054	1	"CBR"	1988-10-24	"Breed"	1992-04-03	2002-03-04
1054	1	"CBR"	1988-10-24	"Breed"	1993-05-30	2002-03-04
1054	1	"CBR"	1988-10-24	"Breed"	1994-03-18	2002-03-04
1054	1	"CBR"	1988-10-24	"Breed"	1995-03-26	2002-03-04
1054	1	"CBR"	1988-10-24	"Breed"	1996-02-02	2002-03-04
1054	1	"CBR"	1988-10-24	"Breed"	1997-01-10	2002-03-04
1054	1	"CBR"	1988-10-24	"Breed"	2000-10-10	2002-03-04
1054	1	"CBR"	1988-10-24	"End"	2002-03-04	2002-03-04
1055	1	"DUK"	1988-11-17	"Birth"	1988-11-17	1991-07-29
1055	2	"OMA"	1991-07-29	"Transfer"	1991-07-29	1993-03-29
1055	2	"OMA"	1991-07-29	"End"	1993-03-29	1993-03-29
1056	1	"DUK"	1988-11-17	"Birth"	1988-11-17	1991-07-29
1056	2	"OMA"	1991-07-29	"Transfer"	1991-07-29	2000-11-30
1056	2	"OMA"	1991-07-29	"Breed"	2000-08-03	2000-11-30
1056	2	"OMA"	1991-07-29	"End"	2000-11-30	2000-11-30
1057	1	"SOZ"	1989-02-25	"Birth"	1989-02-25	1998-10-28
1057	1	"SOZ"	1989-02-25	"Breed"	1992-02-29	1998-10-28
1057	1	"SOZ"	1989-02-25	"Breed"	1995-02-22	1998-10-28
1057	1	"SOZ"	1989-02-25	"Breed"	1996-02-20	1998-10-28
1057	2	"CIN"	1998-10-28	"Transfer"	1998-10-28	2005-08-20
1057	2	"CIN"	1998-10-28	"End"	2005-08-20	2005-08-20
1058	1	"SOZ"	1989-02-25	"Birth"	1989-02-25	2008-12-20
1058	1	"SOZ"	1989-02-25	"Breed"	1996-02-07	2008-12-20
1058	1	"SOZ"	1989-02-25	"Breed"	1997-02-05	2008-12-20
1058	1	"SOZ"	1989-02-25	"End"	2008-12-20	2008-12-20
1059	1	"SOZ"	1989-02-26	"Birth"	1989-02-26	1999-07-27
1059	1	"SOZ"	1989-02-26	"Breed"	1996-02-07	1999-07-27
1059	1	"SOZ"	1989-02-26	"Breed"	1997-02-05	1999-07-27
1059	1	"SOZ"	1989-02-26	"Breed"	1999-04-19	1999-07-27
1059	1	"SOZ"	1989-02-26	"End"	1999-07-27	1999-07-27
1060	1	"SOZ"	1989-02-27	"Birth"	1989-02-27	2002-02-01
1060	1	"SOZ"	1989-02-27	"Breed"	1992-02-29	2002-02-01
1060	1	"SOZ"	1989-02-27	"Breed"	1995-02-22	2002-02-01
1060	1	"SOZ"	1989-02-27	"Breed"	1996-02-20	2002-02-01
1060	1	"SOZ"	1989-02-27	"Breed"	1997-02-20	2002-02-01
1060	2	"SDW"	2002-02-01	"Transfer"	2002-02-01	2002-05-02
1060	2	"SDW"	2002-02-01	"End"	2002-05-02	2002-05-02
1061	1	"SOZ"	1989-02-27	"Birth"	1989-02-27	2002-11-29
1061	1	"SOZ"	1989-02-27	"Breed"	1997-02-11	2002-11-29
1061	1	"SOZ"	1989-02-27	"End"	2002-11-29	2002-11-29
1062	1	"CIN"	1989-08-15	"Birth"	1989-08-15	1989-08-15
1062	1	"CIN"	1989-08-15	"End"	1989-08-15	1989-08-15
1063	1	"PHI"	1990-01-17	"Birth"	1990-01-17	1997-02-20
1063	2	"CIN"	1997-02-20	"Transfer"	1997-02-20	2004-04-16
1063	2	"CIN"	1997-02-20	"End"	2004-04-16	2004-04-16
1064	1	"PHI"	1990-01-17	"Birth"	1990-01-17	1991-06-13
1064	2	"SEA"	1991-06-13	"Transfer"	1991-06-13	2002-12-01
1064	2	"SEA"	1991-06-13	"Breed"	1992-03-30	2002-12-01
1064	2	"SEA"	1991-06-13	"Breed"	1995-02-11	2002-12-01
1064	2	"SEA"	1991-06-13	"Breed"	1996-01-05	2002-12-01
1064	2	"SEA"	1991-06-13	"End"	2002-12-01	2002-12-01
1065	1	"SOZ"	1990-03-24	"Birth"	1990-03-24	2002-07-19
1065	1	"SOZ"	1990-03-24	"Breed"	1997-02-11	2002-07-19
1065	2	"CLE"	2002-07-19	"Transfer"	2002-07-19	2009-02-16
1065	2	"CLE"	2002-07-19	"End"	2009-02-16	2009-02-16
1066	1	"HOU"	1990-04-06	"Birth"	1990-04-06	1997-05-23
1066	2	"CBR"	1997-05-23	"Transfer"	1997-05-23	1998-04-24
1066	2	"CBR"	1997-05-23	"End"	1998-04-24	1998-04-24
1067	1	"HOU"	1990-04-06	"Birth"	1990-04-06	1999-12-19
1067	1	"HOU"	1990-04-06	"Breed"	1992-02-14	1999-12-19
1067	1	"HOU"	1990-04-06	"End"	1999-12-19	1999-12-19
1068	1	"CBR"	1990-06-15	"Birth"	1990-06-15	1993-11-10
1068	2	"PAI"	1993-11-10	"Transfer"	1993-11-10	1994-05-26
1068	3	"SHA"	1994-05-26	"Transfer"	1994-05-26	1995-03-29
1068	4	"PAI"	1995-03-29	"Transfer"	1995-03-29	2002-12-12
1068	4	"PAI"	1995-03-29	"End"	2002-12-12	2002-12-12
1069	1	"CBR"	1990-06-15	"Birth"	1990-06-15	1990-06-16
1069	1	"CBR"	1990-06-15	"End"	1990-06-16	1990-06-16
1070	1	"DUK"	1990-06-30	"Birth"	1990-06-30	1990-07-05
1070	1	"DUK"	1990-06-30	"End"	1990-07-05	1990-07-05
1071	1	"DUK"	1990-08-17	"Birth"	1990-08-17	1990-08-18
1071	1	"DUK"	1990-08-17	"End"	1990-08-18	1990-08-18
1072	1	"DUK"	1991-03-09	"Birth"	1991-03-09	1993-11-03
1072	2	"PAI"	1993-11-03	"Transfer"	1993-11-03	2002-09-07
1072	2	"PAI"	1993-11-03	"End"	2002-09-07	2002-09-07
1073	1	"DUK"	1991-03-09	"Birth"	1991-03-09	1992-11-22
1073	1	"DUK"	1991-03-09	"End"	1992-11-22	1992-11-22
1074	1	"PHI"	1991-04-13	"Birth"	1991-04-13	1993-04-28
1074	2	"CLE"	1993-04-28	"Transfer"	1993-04-28	1993-05-16
1074	2	"CLE"	1993-04-28	"End"	1993-05-16	1993-05-16
1075	1	"PHI"	1991-04-13	"Birth"	1991-04-13	1993-04-28
1075	2	"CLE"	1993-04-28	"Transfer"	1993-04-28	1996-08-06
1075	2	"CLE"	1993-04-28	"End"	1996-08-06	1996-08-06
1076	1	"CRY"	1991-11-09	"Birth"	1991-11-09	1993-04-01
1076	1	"CRY"	1991-11-09	"End"	1993-04-01	1993-04-01
1077	1	"CRY"	1991-11-09	"Birth"	1991-11-09	1995-12-31
1077	1	"CRY"	1991-11-09	"End"	1995-12-31	1995-12-31
1078	1	"UND"	1989-02-21	"Birth"	1989-02-21	1990-02-21
1078	2	"USD"	1990-02-21	"Transfer"	1990-02-21	1991-02-21
1078	3	"NYB"	1991-02-21	"Transfer"	1991-02-21	1995-04-12
1078	4	"CLE"	1995-04-12	"Transfer"	1995-04-12	1998-05-29
1078	4	"CLE"	1995-04-12	"Breed"	1998-05-16	1998-05-29
1078	4	"CLE"	1995-04-12	"End"	1998-05-29	1998-05-29
1079	1	"HOU"	1992-02-14	"Birth"	1992-02-14	1994-08-30
1079	2	"DUK"	1994-08-30	"Transfer"	1994-08-30	1998-10-08
1079	3	"OMA"	1998-10-08	"Transfer"	1998-10-08	2005-06-08
1079	3	"OMA"	1998-10-08	"Breed"	2000-08-03	2005-06-08
1079	3	"OMA"	1998-10-08	"End"	2005-06-08	2005-06-08
1080	1	"HOU"	1992-02-14	"Birth"	1992-02-14	1993-06-15
1080	1	"HOU"	1992-02-14	"End"	1993-06-15	1993-06-15
1081	1	"SOZ"	1992-02-29	"Birth"	1992-02-29	1992-02-29
1081	1	"SOZ"	1992-02-29	"End"	1992-02-29	1992-02-29
1082	1	"CBR"	1992-04-03	"Birth"	1992-04-03	1993-11-10
1082	2	"PAI"	1993-11-10	"Transfer"	1993-11-10	1995-04-13
1082	2	"PAI"	1993-11-10	"End"	1995-04-13	1995-04-13
1083	1	"PHI"	1992-08-08	"Birth"	1992-08-08	2000-07-13
1083	2	"WHE"	2000-07-13	"Transfer"	2000-07-13	2001-08-19
1083	2	"WHE"	2000-07-13	"End"	2001-08-19	2001-08-19
1084	1	"PHI"	1992-08-08	"Birth"	1992-08-08	1999-06-07
1084	1	"PHI"	1992-08-08	"End"	1999-06-07	1999-06-07
1085	1	"PHI"	1992-08-08	"Birth"	1992-08-08	1992-08-10
1085	1	"PHI"	1992-08-08	"End"	1992-08-10	1992-08-10
1086	1	"PHI"	1992-08-08	"Birth"	1992-08-08	1992-08-09
1086	1	"PHI"	1992-08-08	"End"	1992-08-09	1992-08-09
1087	1	"UND"	1985-01-17	"Birth"	1985-01-17	1986-01-17
1087	2	"FER"	1986-01-17	"Transfer"	1986-01-17	1987-01-17
1087	3	"TAI"	1987-01-17	"Transfer"	1987-01-17	2003-07-01
1087	3	"TAI"	1987-01-17	"End"	2003-07-01	2003-07-01
1088	1	"VIE"	1991-09-22	"Birth"	1991-09-22	1992-09-22
1088	2	"USD"	1992-09-22	"Transfer"	1992-09-22	1993-09-22
1088	3	"SEA"	1993-09-22	"Transfer"	1993-09-22	1997-06-27
1088	3	"SEA"	1993-09-22	"Breed"	1995-02-11	1997-06-27
1088	3	"SEA"	1993-09-22	"Breed"	1996-01-05	1997-06-27
1088	4	"CLE"	1997-06-27	"Transfer"	1997-06-27	2008-08-09
1088	4	"CLE"	1997-06-27	"Breed"	1998-05-16	2008-08-09
1088	4	"CLE"	1997-06-27	"End"	2008-08-09	2008-08-09
1089	1	"VIE"	1991-04-03	"Birth"	1991-04-03	1992-04-03
1089	2	"USD"	1992-04-03	"Transfer"	1992-04-03	1993-04-03
1089	3	"LOS"	1993-04-03	"Transfer"	1993-04-03	1994-07-08
1089	4	"SOZ"	1994-07-08	"Transfer"	1994-07-08	2009-02-27
1089	4	"SOZ"	1994-07-08	"Breed"	1999-04-19	2009-02-27
1089	4	"SOZ"	1994-07-08	"Breed"	2000-04-27	2009-02-27
1089	4	"SOZ"	1994-07-08	"Breed"	2002-03-25	2009-02-27
1089	4	"SOZ"	1994-07-08	"End"	2009-02-27	2009-02-27
1090	1	"CRY"	1992-11-14	"Birth"	1992-11-14	2005-03-22
1090	2	"OAS"	2005-03-22	"Transfer"	2005-03-22	2007-06-05
1090	2	"OAS"	2005-03-22	"End"	2007-06-05	2007-06-05
1091	1	"CRY"	1992-11-14	"Birth"	1992-11-14	2004-10-15
1091	2	"IND"	2004-10-15	"Transfer"	2004-10-15	2007-11-21
1091	2	"IND"	2004-10-15	"End"	2007-11-21	2007-11-21
1092	1	"SOZ"	1993-03-24	"Birth"	1993-03-24	1993-03-27
1092	1	"SOZ"	1993-03-24	"End"	1993-03-27	1993-03-27
1093	1	"CBR"	1993-05-30	"Birth"	1993-05-30	1997-09-16
1093	2	"HOU"	1997-09-16	"Transfer"	1997-09-16	2003-04-20
1093	2	"HOU"	1997-09-16	"End"	2003-04-20	2003-04-20
1094	1	"CBR"	1993-05-30	"Birth"	1993-05-30	1994-03-24
1094	2	"CIN"	1994-03-24	"Transfer"	1994-03-24	1994-04-22
1094	2	"CIN"	1994-03-24	"End"	1994-04-22	1994-04-22
1095	1	"PHI"	1994-03-09	"Birth"	1994-03-09	1994-03-10
1095	1	"PHI"	1994-03-09	"End"	1994-03-10	1994-03-10
1096	1	"PHI"	1994-03-09	"Birth"	1994-03-09	1994-03-16
1096	1	"PHI"	1994-03-09	"End"	1994-03-16	1994-03-16
1097	1	"DUK"	1994-03-15	"Birth"	1994-03-15	2013-06-14
1097	1	"DUK"	1994-03-15	"Breed"	2000-09-03	2013-06-14
1097	1	"DUK"	1994-03-15	"Breed"	2001-05-14	2013-06-14
1097	1	"DUK"	1994-03-15	"Breed"	2002-03-04	2013-06-14
1097	1	"DUK"	1994-03-15	"Breed"	2004-10-02	2013-06-14
1097	1	"DUK"	1994-03-15	"End"	2013-06-14	2013-06-14
1098	1	"CBR"	1994-03-18	"Birth"	1994-03-18	1999-12-04
1098	2	"SOZ"	1999-12-04	"Transfer"	1999-12-04	2008-10-01
1098	2	"SOZ"	1999-12-04	"End"	2008-10-01	2008-10-01
1099	1	"CBR"	1994-03-18	"Birth"	1994-03-18	1997-12-08
1099	2	"MEM"	1997-12-08	"Transfer"	1997-12-08	2006-01-01
1099	2	"MEM"	1997-12-08	"End"	2006-01-01	2006-01-01
1100	1	"DUK"	1994-04-11	"Birth"	1994-04-11	1994-04-11
1100	1	"DUK"	1994-04-11	"End"	1994-04-11	1994-04-11
1101	1	"DUK"	1994-04-11	"Birth"	1994-04-11	1994-04-11
1101	1	"DUK"	1994-04-11	"End"	1994-04-11	1994-04-11
1102	1	"SEA"	1995-02-11	"Birth"	1995-02-11	2007-07-08
1102	1	"SEA"	1995-02-11	"Breed"	2001-03-17	2007-07-08
1102	1	"SEA"	1995-02-11	"Breed"	2001-11-30	2007-07-08
1102	1	"SEA"	1995-02-11	"Breed"	2002-11-05	2007-07-08
1102	1	"SEA"	1995-02-11	"End"	2007-07-08	2007-07-08
1103	1	"DUK"	1995-02-15	"Birth"	1995-02-15	2009-08-22
1103	1	"DUK"	1995-02-15	"Breed"	2000-09-03	2009-08-22
1103	1	"DUK"	1995-02-15	"Breed"	2001-05-14	2009-08-22
1103	1	"DUK"	1995-02-15	"Breed"	2002-03-04	2009-08-22
1103	1	"DUK"	1995-02-15	"Breed"	2004-10-02	2009-08-22
1103	1	"DUK"	1995-02-15	"End"	2009-08-22	2009-08-22
1104	1	"DUK"	1995-02-15	"Birth"	1995-02-15	1998-04-23
1104	2	"OMA"	1998-04-23	"Transfer"	1998-04-23	2006-11-07
1104	2	"OMA"	1998-04-23	"Breed"	1999-06-20	2006-11-07
1104	3	"SEA"	2006-11-07	"Transfer"	2006-11-07	2010-08-18
1104	3	"SEA"	2006-11-07	"End"	2010-08-18	2010-08-18
1105	1	"SOZ"	1995-02-22	"Birth"	1995-02-22	2014-06-24
1105	1	"SOZ"	1995-02-22	"End"	2014-06-24	2014-06-24
1106	1	"PHI"	1995-02-23	"Birth"	1995-02-23	1997-03-04
1106	2	"MEM"	1997-03-04	"Transfer"	1997-03-04	2005-06-01
1106	2	"MEM"	1997-03-04	"End"	2005-06-01	2005-06-01
1107	1	"PHI"	1995-02-23	"Birth"	1995-02-23	1997-02-20
1107	2	"CIN"	1997-02-20	"Transfer"	1997-02-20	1997-04-03
1107	3	"CBR"	1997-04-03	"Transfer"	1997-04-03	2004-06-02
1107	3	"CBR"	1997-04-03	"End"	2004-06-02	2004-06-02
1108	1	"SOZ"	1995-02-26	"Birth"	1995-02-26	2014-06-10
1108	1	"SOZ"	1995-02-26	"Breed"	2005-01-23	2014-06-10
1108	1	"SOZ"	1995-02-26	"Breed"	2005-09-17	2014-06-10
1108	1	"SOZ"	1995-02-26	"End"	2014-06-10	2014-06-10
1109	1	"CBR"	1995-03-26	"Birth"	1995-03-26	1998-03-07
1109	1	"CBR"	1995-03-26	"End"	1998-03-07	1998-03-07
1110	1	"CBR"	1995-03-26	"Birth"	1995-03-26	1995-03-26
1110	1	"CBR"	1995-03-26	"End"	1995-03-26	1995-03-26
1113	1	"UND"	1993-03-27	"Birth"	1993-03-27	1994-03-27
1113	2	"PUB"	1994-03-27	"Transfer"	1994-03-27	1995-03-27
1113	3	"HOG"	1995-03-27	"Transfer"	1995-03-27	1995-11-02
1113	4	"SOZ"	1995-11-02	"Transfer"	1995-11-02	2011-03-02
1113	4	"SOZ"	1995-11-02	"Breed"	2000-04-27	2011-03-02
1113	4	"SOZ"	1995-11-02	"Breed"	2002-03-25	2011-03-02
1113	4	"SOZ"	1995-11-02	"End"	2011-03-02	2011-03-02
1114	1	"VIE"	1993-06-06	"Birth"	1993-06-06	1994-06-06
1114	2	"TOR"	1994-06-06	"Transfer"	1994-06-06	1995-06-06
1114	3	"CRY"	1995-06-06	"Transfer"	1995-06-06	2000-01-20
1114	3	"CRY"	1995-06-06	"End"	2000-01-20	2000-01-20
1115	1	"SEA"	1996-01-05	"Birth"	1996-01-05	1998-04-23
1115	2	"OMA"	1998-04-23	"Transfer"	1998-04-23	2008-10-17
1115	2	"OMA"	1998-04-23	"Breed"	1999-06-20	2008-10-17
1115	3	"WIL"	2008-10-17	"Transfer"	2008-10-17	2011-10-07
1115	4	"CLE"	2011-10-07	"Transfer"	2011-10-07	2013-08-06
1115	4	"CLE"	2011-10-07	"End"	2013-08-06	2013-08-06
1116	1	"SEA"	1996-01-05	"Birth"	1996-01-05	1998-10-01
1116	2	"CBR"	1998-10-01	"Transfer"	1998-10-01	2009-01-30
1116	2	"CBR"	1998-10-01	"Breed"	2000-10-10	2009-01-30
1116	2	"CBR"	1998-10-01	"Breed"	2003-08-03	2009-01-30
1116	2	"CBR"	1998-10-01	"End"	2009-01-30	2009-01-30
1117	1	"CBR"	1996-02-02	"Birth"	1996-02-02	1996-02-02
1117	1	"CBR"	1996-02-02	"End"	1996-02-02	1996-02-02
1118	1	"CBR"	1996-02-02	"Birth"	1996-02-02	1996-02-02
1118	1	"CBR"	1996-02-02	"End"	1996-02-02	1996-02-02
1119	1	"SOZ"	1996-02-07	"Birth"	1996-02-07	1996-02-08
1119	1	"SOZ"	1996-02-07	"End"	1996-02-08	1996-02-08
1120	1	"SOZ"	1996-02-07	"Birth"	1996-02-07	2002-06-28
1120	2	"CBR"	2002-06-28	"Transfer"	2002-06-28	2015-05-21
1120	2	"CBR"	2002-06-28	"Breed"	2003-08-03	2015-05-21
1120	2	"CBR"	2002-06-28	"End"	2015-05-21	2015-05-21
1121	1	"SOZ"	1996-02-20	"Birth"	1996-02-20	2003-10-16
1121	2	"WHE"	2003-10-16	"Transfer"	2003-10-16	2004-10-07
1121	3	"MOO"	2004-10-07	"Transfer"	2004-10-07	2008-09-17
1121	3	"MOO"	2004-10-07	"Breed"	2006-03-24	2008-09-17
1121	3	"MOO"	2004-10-07	"Breed"	2008-03-12	2008-09-17
1121	3	"MOO"	2004-10-07	"Breed"	2009-05-13	2008-09-17
1121	3	"MOO"	2004-10-07	"Breed"	2010-03-22	2008-09-17
1121	3	"MOO"	2004-10-07	"Breed"	2011-06-14	2008-09-17
1121	4	"HOU"	2008-09-17	"Transfer"	2008-09-17	2009-01-20
1121	5	"MOO"	2009-01-20	"Breed"	2006-03-24	2013-09-17
1121	5	"MOO"	2009-01-20	"Breed"	2008-03-12	2013-09-17
1121	5	"MOO"	2009-01-20	"Transfer"	2009-01-20	2013-09-17
1121	5	"MOO"	2009-01-20	"Breed"	2009-05-13	2013-09-17
1121	5	"MOO"	2009-01-20	"Breed"	2010-03-22	2013-09-17
1121	5	"MOO"	2009-01-20	"Breed"	2011-06-14	2013-09-17
1121	5	"MOO"	2009-01-20	"End"	2013-09-17	2013-09-17
1122	1	"SOZ"	1996-02-20	"Birth"	1996-02-20	2002-10-15
1122	2	"LIT"	2002-10-15	"Transfer"	2002-10-15	2013-12-09
1122	2	"LIT"	2002-10-15	"End"	2013-12-09	2013-12-09
1123	1	"DUK"	1996-04-25	"Birth"	1996-04-25	1998-06-23
1123	2	"MIN"	1998-06-23	"Transfer"	1998-06-23	1999-09-10
1123	2	"MIN"	1998-06-23	"End"	1999-09-10	1999-09-10
1124	1	"VIE"	1995-03-28	"Birth"	1995-03-28	1996-03-28
1124	2	"USD"	1996-03-28	"Transfer"	1996-03-28	1997-03-28
1124	3	"PUE"	1997-03-28	"Transfer"	1997-03-28	2013-08-20
1124	3	"PUE"	1997-03-28	"Breed"	1998-05-26	2013-08-20
1124	3	"PUE"	1997-03-28	"Breed"	2000-03-08	2013-08-20
1124	3	"PUE"	1997-03-28	"Breed"	2001-02-07	2013-08-20
1124	3	"PUE"	1997-03-28	"Breed"	2002-04-05	2013-08-20
1124	3	"PUE"	1997-03-28	"Breed"	2003-02-09	2013-08-20
1124	3	"PUE"	1997-03-28	"Breed"	2003-12-22	2013-08-20
1124	3	"PUE"	1997-03-28	"Breed"	2004-08-11	2013-08-20
1124	3	"PUE"	1997-03-28	"Breed"	2005-03-30	2013-08-20
1124	3	"PUE"	1997-03-28	"Breed"	2005-04-01	2013-08-20
1124	3	"PUE"	1997-03-28	"Breed"	2006-04-06	2013-08-20
1124	3	"PUE"	1997-03-28	"Breed"	2007-04-21	2013-08-20
1124	3	"PUE"	1997-03-28	"Breed"	2008-02-12	2013-08-20
1124	3	"PUE"	1997-03-28	"End"	2013-08-20	2013-08-20
1125	1	"VIE"	1995-03-28	"Birth"	1995-03-28	1996-03-28
1125	2	"USD"	1996-03-28	"Transfer"	1996-03-28	1997-03-28
1125	3	"PUE"	1997-03-28	"Transfer"	1997-03-28	2012-09-11
1125	3	"PUE"	1997-03-28	"Breed"	1998-05-26	2012-09-11
1125	3	"PUE"	1997-03-28	"Breed"	2000-03-08	2012-09-11
1125	3	"PUE"	1997-03-28	"Breed"	2001-02-07	2012-09-11
1125	3	"PUE"	1997-03-28	"Breed"	2002-04-05	2012-09-11
1125	3	"PUE"	1997-03-28	"Breed"	2003-02-09	2012-09-11
1125	3	"PUE"	1997-03-28	"Breed"	2003-12-22	2012-09-11
1125	3	"PUE"	1997-03-28	"Breed"	2004-08-11	2012-09-11
1125	3	"PUE"	1997-03-28	"Breed"	2005-03-30	2012-09-11
1125	3	"PUE"	1997-03-28	"Breed"	2005-04-01	2012-09-11
1125	3	"PUE"	1997-03-28	"Breed"	2006-04-06	2012-09-11
1125	3	"PUE"	1997-03-28	"Breed"	2007-04-21	2012-09-11
1125	3	"PUE"	1997-03-28	"Breed"	2008-02-12	2012-09-11
1125	3	"PUE"	1997-03-28	"End"	2012-09-11	2012-09-11
1126	1	"VIE"	1995-07-19	"Birth"	1995-07-19	1996-07-19
1126	2	"USD"	1996-07-19	"Transfer"	1996-07-19	1997-07-19
1126	3	"SBA"	1997-07-19	"Transfer"	1997-07-19	2000-09-20
1126	4	"MIN"	2000-09-20	"Transfer"	2000-09-20	2004-11-11
1126	4	"MIN"	2000-09-20	"Breed"	2001-08-15	2004-11-11
1126	4	"MIN"	2000-09-20	"Breed"	2002-06-03	2004-11-11
1126	4	"MIN"	2000-09-20	"Breed"	2003-01-04	2004-11-11
1126	4	"MIN"	2000-09-20	"Breed"	2004-08-10	2004-11-11
1126	4	"MIN"	2000-09-20	"End"	2004-11-11	2004-11-11
1127	1	"VIE"	1995-07-19	"Birth"	1995-07-19	1996-07-19
1127	2	"USD"	1996-07-19	"Transfer"	1996-07-19	1997-07-19
1127	3	"SBA"	1997-07-19	"Transfer"	1997-07-19	1999-10-14
1127	4	"SEA"	1999-10-14	"Transfer"	1999-10-14	2008-10-14
1127	4	"SEA"	1999-10-14	"Breed"	2001-03-17	2008-10-14
1127	4	"SEA"	1999-10-14	"Breed"	2001-11-30	2008-10-14
1127	4	"SEA"	1999-10-14	"Breed"	2002-11-05	2008-10-14
1127	4	"SEA"	1999-10-14	"End"	2008-10-14	2008-10-14
1128	1	"CBR"	1997-01-10	"Birth"	1997-01-10	1998-12-15
1128	2	"LIT"	1998-12-15	"Transfer"	1998-12-15	2014-02-07
1128	2	"LIT"	1998-12-15	"End"	2014-02-07	2014-02-07
1129	1	"CBR"	1997-01-10	"Birth"	1997-01-10	2008-02-07
1129	2	"CIN"	1997-01-10	"End"	2008-02-07	2008-02-07
1130	1	"PHI"	1997-01-16	"Birth"	1997-01-16	2013-06-13
1130	1	"PHI"	1997-01-16	"Breed"	2008-03-16	2013-06-13
1130	1	"PHI"	1997-01-16	"Breed"	2009-03-27	2013-06-13
1130	1	"PHI"	1997-01-16	"Breed"	2010-02-05	2013-06-13
1130	1	"PHI"	1997-01-16	"Breed"	2010-08-09	2013-06-13
1130	1	"PHI"	1997-01-16	"Breed"	2013-01-26	2013-06-13
1130	1	"PHI"	1997-01-16	"End"	2013-06-13	2013-06-13
1131	1	"SOZ"	1997-02-05	"Birth"	1997-02-05	2004-07-16
1131	2	"ABQ"	2004-07-16	"Transfer"	2004-07-16	2014-09-12
1131	2	"ABQ"	2004-07-16	"Breed"	2007-01-18	2014-09-12
1131	2	"ABQ"	2004-07-16	"Breed"	2008-09-18	2014-09-12
1131	2	"ABQ"	2004-07-16	"Breed"	2009-07-18	2014-09-12
1131	2	"ABQ"	2004-07-16	"Breed"	2010-08-12	2014-09-12
1131	2	"ABQ"	2004-07-16	"Breed"	2011-12-07	2014-09-12
1131	2	"ABQ"	2004-07-16	"End"	2014-09-12	2014-09-12
1132	1	"SOZ"	1997-02-05	"Birth"	1997-02-05	2006-08-31
1132	2	"ELP"	2006-08-31	"Transfer"	2006-08-31	2012-06-12
1132	3	"COL"	2012-06-12	"Transfer"	2012-06-12	2015-07-02
1132	3	"COL"	2012-06-12	"End"	2015-07-02	2015-07-02
1133	1	"SOZ"	1997-02-11	"Birth"	1997-02-11	1997-02-12
1133	1	"SOZ"	1997-02-11	"End"	1997-02-12	1997-02-12
1134	1	"SOZ"	1997-02-20	"Birth"	1997-02-20	1997-04-01
1134	1	"SOZ"	1997-02-20	"End"	1997-04-01	1997-04-01
1135	1	"SOZ"	1997-02-20	"Birth"	1997-02-20	2002-02-21
1135	1	"SOZ"	1997-02-20	"Breed"	2006-06-18	2002-02-21
1135	1	"SOZ"	1997-02-20	"Breed"	2006-06-20	2002-02-21
1135	2	"SDW"	2002-02-21	"Transfer"	2002-02-21	2003-07-23
1135	3	"SOZ"	2003-07-23	"Transfer"	2003-07-23	2009-06-30
1135	3	"SOZ"	2003-07-23	"Breed"	2006-06-18	2009-06-30
1135	3	"SOZ"	2003-07-23	"Breed"	2006-06-20	2009-06-30
1135	4	"SEA"	2009-06-30	"Transfer"	2009-06-30	2011-10-12
1135	5	"SOZ"	2011-10-12	"Breed"	2006-06-18	2014-03-26
1135	5	"SOZ"	2011-10-12	"Breed"	2006-06-20	2014-03-26
1135	5	"SOZ"	2011-10-12	"Transfer"	2011-10-12	2014-03-26
1135	5	"SOZ"	2011-10-12	"End"	2014-03-26	2014-03-26
1136	1	"SEA"	1992-03-30	"Birth"	1992-03-30	1992-03-30
1136	1	"SEA"	1992-03-30	"End"	1992-03-30	1992-03-30
1137	1	"SEA"	1992-03-30	"Birth"	1992-03-30	1992-03-30
1137	1	"SEA"	1992-03-30	"End"	1992-03-30	1992-03-30
1138	1	"CLE"	1998-05-16	"Birth"	1998-05-16	2010-03-27
1138	1	"CLE"	1998-05-16	"Breed"	2004-08-20	2010-03-27
1138	1	"CLE"	1998-05-16	"Breed"	2005-12-24	2010-03-27
1138	1	"CLE"	1998-05-16	"Breed"	2007-01-07	2010-03-27
1138	1	"CLE"	1998-05-16	"Breed"	2009-08-14	2010-03-27
1138	1	"CLE"	1998-05-16	"End"	2010-03-27	2010-03-27
1139	1	"CLE"	1998-05-16	"Birth"	1998-05-16	2006-07-02
1139	1	"CLE"	1998-05-16	"End"	2006-07-02	2006-07-02
1140	1	"PUE"	1998-05-26	"Birth"	1998-05-26	2003-03-07
1140	1	"PUE"	1998-05-26	"End"	2003-03-07	2003-03-07
1141	1	"SOZ"	1999-04-19	"Birth"	1999-04-19	2009-06-30
1141	2	"SEA"	2009-06-30	"Transfer"	2009-06-30	2011-10-12
1141	3	"SOZ"	2011-10-12	"Transfer"	2011-10-12	2018-02-14
1141	3	"SOZ"	2011-10-12	"End"	2018-02-14	2018-02-14
1142	1	"SOZ"	1999-04-19	"Birth"	1999-04-19	2006-04-11
1142	2	"CHI"	2006-04-11	"Transfer"	2006-04-11	2015-02-23
1142	2	"CHI"	2006-04-11	"Breed"	2009-04-25	2015-02-23
1142	2	"CHI"	2006-04-11	"End"	2015-02-23	2015-02-23
1143	1	"OMA"	1999-06-20	"Birth"	1999-06-20	2009-01-24
1143	1	"OMA"	1999-06-20	"Breed"	2008-11-22	2009-01-24
1143	1	"OMA"	1999-06-20	"End"	2009-01-24	2009-01-24
1144	1	"OMA"	1999-06-20	"Birth"	1999-06-20	2013-12-19
1144	1	"OMA"	1999-06-20	"End"	2013-12-19	2013-12-19
1145	1	"SOZ"	2000-04-27	"Birth"	2000-04-27	2002-07-03
1145	2	"WHE"	2002-07-03	"Transfer"	2002-07-03	2004-10-07
1145	3	"MOO"	2004-10-07	"Transfer"	2004-10-07	2008-09-17
1145	3	"MOO"	2004-10-07	"Breed"	2006-03-24	2008-09-17
1145	3	"MOO"	2004-10-07	"Breed"	2008-03-12	2008-09-17
1145	3	"MOO"	2004-10-07	"Breed"	2009-05-13	2008-09-17
1145	3	"MOO"	2004-10-07	"Breed"	2010-03-22	2008-09-17
1145	3	"MOO"	2004-10-07	"Breed"	2011-06-14	2008-09-17
1145	4	"HOU"	2008-09-17	"Transfer"	2008-09-17	2009-01-20
1145	5	"MOO"	2009-01-20	"Breed"	2006-03-24	2012-10-04
1145	5	"MOO"	2009-01-20	"Breed"	2008-03-12	2012-10-04
1145	5	"MOO"	2009-01-20	"Transfer"	2009-01-20	2012-10-04
1145	5	"MOO"	2009-01-20	"Breed"	2009-05-13	2012-10-04
1145	5	"MOO"	2009-01-20	"Breed"	2010-03-22	2012-10-04
1145	5	"MOO"	2009-01-20	"Breed"	2011-06-14	2012-10-04
1145	5	"MOO"	2009-01-20	"End"	2012-10-04	2012-10-04
1146	1	"SOZ"	2000-04-27	"Birth"	2000-04-27	2018-05-04
1146	1	"SOZ"	2000-04-27	"Breed"	2005-01-23	2018-05-04
1146	1	"SOZ"	2000-04-27	"Breed"	2005-09-17	2018-05-04
1146	1	"SOZ"	2000-04-27	"End"	2018-05-04	2018-05-04
1147	1	"CBR"	2000-10-10	"Birth"	2000-10-10	2000-10-12
1147	1	"CBR"	2000-10-10	"End"	2000-10-12	2000-10-12
1148	1	"CBR"	2000-10-10	"Birth"	2000-10-10	2000-10-12
1148	1	"CBR"	2000-10-10	"End"	2000-10-12	2000-10-12
1149	1	"DUK"	2000-09-03	"Birth"	2000-09-03	2000-09-03
1149	1	"DUK"	2000-09-03	"End"	2000-09-03	2000-09-03
1150	1	"PUE"	2000-03-08	"Birth"	2000-03-08	2002-01-07
1150	1	"PUE"	2000-03-08	"End"	2002-01-07	2002-01-07
1151	1	"PUE"	2000-03-08	"Birth"	2000-03-08	2004-06-24
1151	2	"CLE"	2004-06-24	"Transfer"	2004-06-24	2010-02-21
1151	2	"CLE"	2004-06-24	"End"	2010-02-21	2010-02-21
2006	1	"ASI"	1984-10-23	"Birth"	1984-10-23	1985-10-23
2006	2	"HER"	1985-10-23	"Transfer"	1985-10-23	1986-10-23
2006	3	"MOS"	1986-10-23	"Transfer"	1986-10-23	1990-05-20
2006	4	"WAR"	1990-05-20	"Transfer"	1990-05-20	1990-11-24
2006	4	"WAR"	1990-05-20	"End"	1990-11-24	1990-11-24
2097	1	"VIE"	1987-04-10	"Birth"	1987-04-10	1988-04-10
2097	2	"IRC"	1988-04-10	"Transfer"	1988-04-10	1990-04-19
2097	2	"IRC"	1988-04-10	"Breed"	1989-04-10	1990-04-19
2097	3	"FRA"	1990-04-19	"Transfer"	1990-04-19	1996-01-21
2097	3	"FRA"	1990-04-19	"End"	1996-01-21	1996-01-21
2098	1	"VIE"	1986-01-01	"Birth"	1986-01-01	1988-02-24
2098	2	"SWI"	1988-02-24	"Transfer"	1988-02-24	1990-04-19
2098	3	"FRA"	1990-04-19	"Transfer"	1990-04-19	2000-08-07
2098	3	"FRA"	1990-04-19	"End"	2000-08-07	2000-08-07
2108	1	"IRC"	1989-04-10	"Birth"	1989-04-10	1990-04-19
2108	2	"FRA"	1990-04-19	"Transfer"	1990-04-19	2002-11-26
2108	2	"FRA"	1990-04-19	"Breed"	1994-04-27	2002-11-26
2108	2	"FRA"	1990-04-19	"Breed"	1996-07-30	2002-11-26
2108	3	"KOL"	2002-11-26	"Transfer"	2002-11-26	2003-11-15
2108	3	"KOL"	2002-11-26	"End"	2003-11-15	2003-11-15
2129	1	"VIE"	1989-10-12	"Birth"	1989-10-12	1990-10-12
2129	2	"PUB"	1990-10-12	"Transfer"	1990-10-12	1991-10-12
2129	3	"MOS"	1991-10-12	"Transfer"	1991-10-12	1992-04-30
2129	4	"FRA"	1992-04-30	"Transfer"	1992-04-30	2002-11-26
2129	4	"FRA"	1992-04-30	"Breed"	1994-04-27	2002-11-26
2129	4	"FRA"	1992-04-30	"Breed"	1996-07-30	2002-11-26
2129	5	"KOL"	2002-11-26	"Transfer"	2002-11-26	2005-12-06
2129	5	"KOL"	2002-11-26	"End"	2005-12-06	2005-12-06
2208	1	"FRA"	1994-04-27	"Birth"	1994-04-27	1998-06-24
2208	2	"COL"	1998-06-24	"Transfer"	1998-06-24	1998-10-13
2208	3	"MIN"	1998-10-13	"Transfer"	1998-10-13	2010-10-29
2208	3	"MIN"	1998-10-13	"Breed"	2001-08-15	2010-10-29
2208	3	"MIN"	1998-10-13	"Breed"	2002-06-03	2010-10-29
2208	3	"MIN"	1998-10-13	"Breed"	2003-01-04	2010-10-29
2208	3	"MIN"	1998-10-13	"Breed"	2004-08-10	2010-10-29
2208	3	"MIN"	1998-10-13	"Breed"	2010-09-25	2010-10-29
2208	3	"MIN"	1998-10-13	"End"	2010-10-29	2010-10-29
2233	1	"FRA"	1996-07-30	"Birth"	1996-07-30	1998-06-24
2233	2	"COL"	1998-06-24	"Transfer"	1998-06-24	1998-08-31
2233	2	"COL"	1998-06-24	"End"	1998-08-31	1998-08-31
2329	1	"PUE"	2001-02-07	"Birth"	2001-02-07	2001-02-07
2329	1	"PUE"	2001-02-07	"End"	2001-02-07	2001-02-07
2330	1	"PUE"	2001-02-07	"Birth"	2001-02-07	2001-02-11
2330	1	"PUE"	2001-02-07	"End"	2001-02-11	2001-02-11
2333	1	"DUK"	2001-05-14	"Birth"	2001-05-14	2001-05-14
2333	1	"DUK"	2001-05-14	"End"	2001-05-14	2001-05-14
2334	1	"DUK"	2001-05-14	"Birth"	2001-05-14	2001-05-14
2334	1	"DUK"	2001-05-14	"End"	2001-05-14	2001-05-14
2335	1	"DUK"	2001-05-14	"Birth"	2001-05-14	2001-05-23
2335	1	"DUK"	2001-05-14	"End"	2001-05-23	2001-05-23
2336	1	"ASI"	2000-08-02	"Birth"	2000-08-02	2001-08-02
2336	2	"CAL"	2001-08-02	"Transfer"	2001-08-02	2001-11-22
2336	3	"CRY"	2001-11-22	"Transfer"	2001-11-22	2004-10-15
2336	4	"IND"	2004-10-15	"Transfer"	2004-10-15	2009-06-02
2336	5	"GRA"	2009-06-02	"Transfer"	2009-06-02	2012-08-20
2336	6	"NYB"	2012-08-20	"Transfer"	2012-08-20	2013-03-10
2336	6	"NYB"	2012-08-20	"End"	2013-03-10	2013-03-10
2337	1	"ASI"	2000-08-02	"Birth"	2000-08-02	2001-08-02
2337	2	"CAL"	2001-08-02	"Transfer"	2001-08-02	2001-11-21
2337	3	"QUE"	2001-11-21	"Transfer"	2001-11-21	2008-06-03
2337	3	"QUE"	2001-11-21	"Breed"	2003-10-27	2008-06-03
2337	3	"QUE"	2001-11-21	"Breed"	2005-02-15	2008-06-03
2337	4	"LAN"	2008-06-03	"Transfer"	2008-06-03	2010-11-02
2337	4	"LAN"	2008-06-03	"End"	2010-11-02	2010-11-02
2338	1	"ASI"	1999-01-01	"Birth"	1999-01-01	2001-08-02
2338	2	"CAL"	2001-08-02	"Transfer"	2001-08-02	2012-02-13
2338	2	"CAL"	2001-08-02	"Breed"	2002-02-08	2012-02-13
2338	2	"CAL"	2001-08-02	"Breed"	2002-12-20	2012-02-13
2338	2	"CAL"	2001-08-02	"Breed"	2003-09-05	2012-02-13
2338	2	"CAL"	2001-08-02	"Breed"	2004-08-22	2012-02-13
2338	2	"CAL"	2001-08-02	"Breed"	2005-04-09	2012-02-13
2338	2	"CAL"	2001-08-02	"End"	2012-02-13	2012-02-13
2339	1	"ASI"	2000-08-02	"Birth"	2000-08-02	2001-08-02
2339	2	"CAL"	2001-08-02	"Transfer"	2001-08-02	2001-09-17
2339	2	"CAL"	2001-08-02	"End"	2001-09-17	2001-09-17
2340	1	"ASI"	2000-08-02	"Birth"	2000-08-02	2001-08-02
2340	2	"CAL"	2001-08-02	"Transfer"	2001-08-02	2007-06-01
2340	2	"CAL"	2001-08-02	"Breed"	2002-02-08	2007-06-01
2340	2	"CAL"	2001-08-02	"Breed"	2002-12-20	2007-06-01
2340	2	"CAL"	2001-08-02	"Breed"	2003-09-05	2007-06-01
2340	2	"CAL"	2001-08-02	"Breed"	2004-08-22	2007-06-01
2340	2	"CAL"	2001-08-02	"Breed"	2005-04-09	2007-06-01
2340	2	"CAL"	2001-08-02	"End"	2007-06-01	2007-06-01
2341	1	"ASI"	2000-08-02	"Birth"	2000-08-02	2001-08-02
2341	2	"CAL"	2001-08-02	"Transfer"	2001-08-02	2001-11-21
2341	3	"QUE"	2001-11-21	"Transfer"	2001-11-21	2008-06-03
2341	3	"QUE"	2001-11-21	"Breed"	2003-10-27	2008-06-03
2341	3	"QUE"	2001-11-21	"Breed"	2005-02-15	2008-06-03
2341	4	"LAN"	2008-06-03	"Transfer"	2008-06-03	2010-11-02
2341	5	"BOW"	2010-11-02	"Transfer"	2010-11-02	2012-02-14
2341	5	"BOW"	2010-11-02	"End"	2012-02-14	2012-02-14
2342	1	"MIN"	2001-08-15	"Birth"	2001-08-15	2008-10-15
2342	2	"EVA"	2008-10-15	"Transfer"	2008-10-15	2013-12-16
2342	2	"EVA"	2008-10-15	"End"	2013-12-16	2013-12-16
2343	1	"MIN"	2001-08-15	"Birth"	2001-08-15	2001-08-16
2343	1	"MIN"	2001-08-15	"End"	2001-08-16	2001-08-16
2400	1	"MIN"	2003-01-04	"Birth"	2003-01-04	2005-05-12
2400	2	"AKR"	2005-05-12	"Transfer"	2005-05-12	2009-12-30
2400	2	"AKR"	2005-05-12	"Breed"	2007-06-15	2009-12-30
2400	2	"AKR"	2005-05-12	"Breed"	2008-04-03	2009-12-30
2400	2	"AKR"	2005-05-12	"Breed"	2008-11-20	2009-12-30
2400	2	"AKR"	2005-05-12	"End"	2009-12-30	2009-12-30
2402	1	"SEA"	2001-11-30	"Birth"	2001-11-30	2007-04-26
2402	2	"OMA"	2007-04-26	"Transfer"	2007-04-26	2008-09-02
2402	2	"OMA"	2007-04-26	"Breed"	2008-11-22	2008-09-02
2402	3	"GAR"	2008-09-02	"Transfer"	2008-09-02	2014-03-04
2402	3	"GAR"	2008-09-02	"Breed"	2010-03-14	2014-03-04
2402	3	"GAR"	2008-09-02	"Breed"	2010-12-06	2014-03-04
2402	3	"GAR"	2008-09-02	"Breed"	2011-10-27	2014-03-04
2402	3	"GAR"	2008-09-02	"End"	2014-03-04	2014-03-04
2403	1	"SEA"	2001-11-30	"Birth"	2001-11-30	2003-11-12
2403	2	"ABQ"	2003-11-12	"Transfer"	2003-11-12	2013-11-07
2403	2	"ABQ"	2003-11-12	"Breed"	2007-01-18	2013-11-07
2403	2	"ABQ"	2003-11-12	"Breed"	2008-09-18	2013-11-07
2403	2	"ABQ"	2003-11-12	"Breed"	2009-07-18	2013-11-07
2403	3	"CLE"	2013-11-07	"Transfer"	2013-11-07	2015-10-26
2403	3	"CLE"	2013-11-07	"Breed"	2015-01-22	2015-10-26
2403	4	"OMA"	2015-10-26	"Transfer"	2015-10-26	2017-01-26
2403	4	"OMA"	2015-10-26	"End"	2017-01-26	2017-01-26
2405	1	"CAL"	2002-02-08	"Birth"	2002-02-08	2003-10-09
2405	2	"CRY"	2003-10-09	"Transfer"	2003-10-09	2005-03-22
2405	3	"OAS"	2005-03-22	"Transfer"	2005-03-22	2008-07-13
2405	4	"LAN"	2008-07-13	"Transfer"	2008-07-13	2010-11-02
2405	5	"BOW"	2010-11-02	"Transfer"	2010-11-02	2013-07-14
2405	5	"BOW"	2010-11-02	"End"	2013-07-14	2013-07-14
2406	1	"DUK"	2002-03-04	"Birth"	2002-03-04	2012-05-08
2406	1	"DUK"	2002-03-04	"Breed"	2006-06-01	2012-05-08
2406	1	"DUK"	2002-03-04	"Breed"	2011-02-04	2012-05-08
2406	1	"DUK"	2002-03-04	"End"	2012-05-08	2012-05-08
2407	1	"DUK"	2002-03-04	"Birth"	2002-03-04	2002-03-05
2407	1	"DUK"	2002-03-04	"End"	2002-03-05	2002-03-05
2408	1	"SOZ"	2002-03-25	"Birth"	2002-03-25	2006-06-07
2408	2	"AKR"	2006-06-07	"Transfer"	2006-06-07	2015-03-01
2408	2	"AKR"	2006-06-07	"Breed"	2007-06-15	2015-03-01
2408	2	"AKR"	2006-06-07	"Breed"	2008-04-03	2015-03-01
2408	2	"AKR"	2006-06-07	"Breed"	2008-11-20	2015-03-01
2408	2	"AKR"	2006-06-07	"Breed"	2013-08-21	2015-03-01
2408	2	"AKR"	2006-06-07	"End"	2015-03-01	2015-03-01
2409	1	"SOZ"	2002-03-25	"Birth"	2002-03-25	2009-07-05
2409	1	"SOZ"	2002-03-25	"Breed"	2006-06-18	2009-07-05
2409	1	"SOZ"	2002-03-25	"Breed"	2006-06-20	2009-07-05
2409	2	"ATT"	2009-07-05	"Transfer"	2009-07-05	2019-03-13
2409	2	"ATT"	2009-07-05	"End"	2019-03-13	2019-03-13
2410	1	"PUE"	2002-04-05	"Birth"	2002-04-05	2004-01-13
2410	1	"PUE"	2002-04-05	"End"	2004-01-13	2004-01-13
2411	1	"PUE"	2002-04-05	"Birth"	2002-04-05	2003-11-19
2411	2	"CHI"	2003-11-19	"Transfer"	2003-11-19	2015-04-22
2411	2	"CHI"	2003-11-19	"Breed"	2009-04-25	2015-04-22
2411	3	"BUS"	2015-04-22	"Transfer"	2015-04-22	2015-06-16
2411	3	"BUS"	2015-04-22	"End"	2015-06-16	2015-06-16
2412	1	"MIN"	2002-06-03	"Birth"	2002-06-03	2003-09-01
2412	2	"CHI"	2003-09-01	"Transfer"	2003-09-01	2005-01-28
2412	2	"CHI"	2003-09-01	"End"	2005-01-28	2005-01-28
2413	1	"MIN"	2002-06-03	"Birth"	2002-06-03	2003-10-23
2413	2	"CLE"	2003-10-23	"Transfer"	2003-10-23	2007-08-01
2413	2	"CLE"	2003-10-23	"Breed"	2004-08-20	2007-08-01
2413	2	"CLE"	2003-10-23	"Breed"	2005-12-24	2007-08-01
2413	2	"CLE"	2003-10-23	"Breed"	2007-01-07	2007-08-01
2413	2	"CLE"	2003-10-23	"End"	2007-08-01	2007-08-01
2414	1	"SEA"	2002-11-05	"Birth"	2002-11-05	2003-11-12
2414	2	"ABQ"	2003-11-12	"Transfer"	2003-11-12	2013-11-07
2414	2	"ABQ"	2003-11-12	"Breed"	2010-08-12	2013-11-07
2414	2	"ABQ"	2003-11-12	"Breed"	2011-12-07	2013-11-07
2414	3	"CLE"	2013-11-07	"Transfer"	2013-11-07	2020-04-24
2414	3	"CLE"	2013-11-07	"Breed"	2015-05-18	2020-04-24
2414	3	"CLE"	2013-11-07	"End"	2020-04-24	2020-04-24
2415	1	"SEA"	2002-11-05	"Birth"	2002-11-05	2009-11-12
2415	2	"MEM"	2009-11-12	"Transfer"	2009-11-12	2010-05-12
2415	2	"MEM"	2009-11-12	"End"	2010-05-12	2010-05-12
2415	2	"MEM"	2009-11-12	"Breed"	2010-09-25	2010-05-12
2415	2	"MEM"	2009-11-12	"Breed"	2010-09-27	2010-05-12
2416	1	"CAL"	2002-12-20	"Birth"	2002-12-20	2007-01-01
2416	2	"STL"	2007-01-01	"Transfer"	2007-01-01	2007-10-26
2416	3	"MEM"	2007-10-26	"Transfer"	2007-10-26	2018-05-21
2416	3	"MEM"	2007-10-26	"Breed"	2010-09-25	2018-05-21
2416	3	"MEM"	2007-10-26	"Breed"	2010-09-27	2018-05-21
2416	3	"MEM"	2007-10-26	"End"	2018-05-21	2018-05-21
2417	1	"CAL"	2002-12-20	"Birth"	2002-12-20	2007-09-07
2417	2	"STL"	2007-09-07	"Transfer"	2007-09-07	2007-10-16
2417	3	"NYB"	2007-10-16	"Transfer"	2007-10-16	2016-02-23
2417	3	"NYB"	2007-10-16	"Breed"	2010-12-06	2016-02-23
2417	3	"NYB"	2007-10-16	"Breed"	2011-12-09	2016-02-23
2417	3	"NYB"	2007-10-16	"Breed"	2015-04-10	2016-02-23
2417	3	"NYB"	2007-10-16	"End"	2016-02-23	2016-02-23
2418	1	"PUE"	2003-02-09	"Birth"	2003-02-09	2006-11-08
2418	2	"MIN"	2006-11-08	"Transfer"	2006-11-08	2011-05-04
2418	2	"MIN"	2006-11-08	"Breed"	2010-09-25	2011-05-04
2418	3	"AKR"	2011-05-04	"Transfer"	2011-05-04	2016-01-31
2418	3	"AKR"	2011-05-04	"Breed"	2013-08-21	2016-01-31
2418	3	"AKR"	2011-05-04	"End"	2016-01-31	2016-01-31
2419	1	"PUE"	2003-02-09	"Birth"	2003-02-09	2003-02-13
2419	1	"PUE"	2003-02-09	"End"	2003-02-13	2003-02-13
2420	1	"UND"	2002-01-03	"Birth"	2002-01-03	2002-06-01
2420	2	"USF"	2002-06-01	"Transfer"	2002-06-01	2002-07-24
2420	3	"LOS"	2002-07-24	"Transfer"	2002-07-24	2004-07-27
2420	4	"DUK"	2004-07-27	"Transfer"	2004-07-27	2012-04-04
2420	4	"DUK"	2004-07-27	"End"	2012-04-04	2012-04-04
2420	4	"DUK"	2004-07-27	"Breed"	2012-04-09	2012-04-04
2421	1	"UND"	2001-06-01	"Birth"	2001-06-01	2002-06-01
2421	2	"USF"	2002-06-01	"Transfer"	2002-06-01	2002-07-24
2421	3	"LOS"	2002-07-24	"Transfer"	2002-07-24	2003-02-08
2421	3	"LOS"	2002-07-24	"End"	2003-02-08	2003-02-08
2422	1	"UND"	1997-01-01	"Birth"	1997-01-01	2001-01-01
2422	2	"PUB"	2001-01-01	"Transfer"	2001-01-01	2002-07-16
2422	2	"PUB"	2001-01-01	"Breed"	2001-01-01	2002-07-16
2422	2	"PUB"	2001-01-01	"Breed"	2002-01-01	2002-07-16
2422	3	"MYA"	2002-07-16	"Transfer"	2002-07-16	2003-06-11
2422	4	"AUD"	2003-06-11	"Transfer"	2003-06-11	2003-12-09
2422	5	"DUK"	2003-12-09	"Transfer"	2003-12-09	2017-10-26
2422	5	"DUK"	2003-12-09	"End"	2017-10-26	2017-10-26
2422	NA	"PUB"	NA	"Breed"	2001-01-01	NA
2423	1	"PUB"	2001-01-01	"Birth"	2001-01-01	2002-07-16
2423	2	"MYA"	2002-07-16	"Transfer"	2002-07-16	2003-06-11
2423	3	"AUD"	2003-06-11	"Transfer"	2003-06-11	2004-12-15
2423	4	"CAL"	2004-12-15	"Transfer"	2004-12-15	2007-09-07
2423	5	"STL"	2007-09-07	"Transfer"	2007-09-07	2007-10-16
2423	6	"NYB"	2007-10-16	"Transfer"	2007-10-16	2016-05-21
2423	6	"NYB"	2007-10-16	"Breed"	2010-12-06	2016-05-21
2423	6	"NYB"	2007-10-16	"Breed"	2011-12-09	2016-05-21
2423	6	"NYB"	2007-10-16	"Breed"	2015-04-10	2016-05-21
2423	6	"NYB"	2007-10-16	"End"	2016-05-21	2016-05-21
2424	1	"PUB"	2002-01-01	"Birth"	2002-01-01	2003-06-11
2424	2	"AUD"	2003-06-11	"Transfer"	2003-06-11	2003-12-09
2424	3	"DUK"	2003-12-09	"Transfer"	2003-12-09	2008-08-12
2424	3	"DUK"	2003-12-09	"Breed"	2006-06-01	2008-08-12
2424	3	"DUK"	2003-12-09	"End"	2008-08-12	2008-08-12
2425	1	"CBR"	2003-08-03	"Birth"	2003-08-03	2012-10-26
2425	1	"CBR"	2003-08-03	"End"	2012-10-26	2012-10-26
2426	1	"CBR"	2003-08-03	"Birth"	2003-08-03	2014-05-16
2426	1	"CBR"	2003-08-03	"End"	2014-05-16	2014-05-16
2427	1	"CAL"	2003-09-05	"Birth"	2003-09-05	2007-09-05
2427	2	"STL"	2007-09-05	"Transfer"	2007-09-05	2007-10-25
2427	3	"MEM"	2007-10-25	"Transfer"	2007-10-25	2008-10-10
2427	4	"EVA"	2008-10-10	"Transfer"	2008-10-10	2016-02-08
2427	4	"EVA"	2008-10-10	"End"	2016-02-08	2016-02-08
2428	1	"CAL"	2003-09-05	"Birth"	2003-09-05	2005-09-29
2428	2	"GRA"	2005-09-29	"Transfer"	2005-09-29	2012-08-20
2428	3	"NYB"	2012-08-20	"Transfer"	2012-08-20	2013-10-24
2428	4	"OMA"	2013-10-24	"Transfer"	2013-10-24	2016-03-12
2428	4	"OMA"	2013-10-24	"End"	2016-03-12	2016-03-12
2429	1	"QUE"	2003-10-27	"Birth"	2003-10-27	2006-04-11
2429	2	"GRA"	2006-04-11	"Transfer"	2006-04-11	2012-08-20
2429	3	"NYB"	2012-08-20	"Transfer"	2012-08-20	2014-05-14
2429	4	"EVA"	2014-05-14	"Transfer"	2014-05-14	2020-12-17
2429	4	"EVA"	2014-05-14	"End"	2020-12-17	2020-12-17
2430	1	"PUE"	2003-12-22	"Birth"	2003-12-22	2004-11-09
2430	2	"HOU"	2004-11-09	"Transfer"	2004-11-09	2005-06-15
2430	3	"ATT"	2005-06-15	"Transfer"	2005-06-15	2017-03-27
2430	3	"ATT"	2005-06-15	"End"	2017-03-27	2017-03-27
2431	1	"PUE"	2003-12-22	"Birth"	2003-12-22	2003-12-22
2431	1	"PUE"	2003-12-22	"End"	2003-12-22	2003-12-22
2432	1	"DUK"	1996-04-25	"Birth"	1996-04-25	1996-04-30
2432	1	"DUK"	1996-04-25	"End"	1996-04-30	1996-04-30
2433	1	"OMA"	2000-08-03	"Birth"	2000-08-03	2000-08-03
2433	1	"OMA"	2000-08-03	"End"	2000-08-03	2000-08-03
2434	1	"SEA"	2001-03-17	"Birth"	2001-03-17	2001-03-17
2434	1	"SEA"	2001-03-17	"End"	2001-03-17	2001-03-17
2435	1	"MIN"	2004-08-10	"Birth"	2004-08-10	2006-09-20
2435	2	"ABQ"	2006-09-20	"Transfer"	2006-09-20	2013-10-28
2435	3	"PUE"	2013-10-28	"Transfer"	2013-10-28	2016-05-05
2435	4	"EVA"	2016-05-05	"Transfer"	2016-05-05	2018-04-19
2435	5	"SOZ"	2018-04-19	"Transfer"	2018-04-19	2021-04-29
2435	5	"SOZ"	2018-04-19	"End"	2021-04-29	2021-04-29
2436	1	"MIN"	2004-08-10	"Birth"	2004-08-10	2006-09-20
2436	2	"PHI"	2006-09-20	"Transfer"	2006-09-20	2015-08-25
2436	2	"PHI"	2006-09-20	"Breed"	2008-03-16	2015-08-25
2436	2	"PHI"	2006-09-20	"Breed"	2009-03-27	2015-08-25
2436	2	"PHI"	2006-09-20	"Breed"	2010-02-05	2015-08-25
2436	2	"PHI"	2006-09-20	"Breed"	2010-08-09	2015-08-25
2436	2	"PHI"	2006-09-20	"Breed"	2013-01-26	2015-08-25
2436	3	"SOZ"	2015-08-25	"Transfer"	2015-08-25	2017-08-09
2436	4	"PUE"	2017-08-09	"Transfer"	2017-08-09	2018-12-12
2436	4	"PUE"	2017-08-09	"End"	2018-12-12	2018-12-12
2437	1	"PUE"	2004-08-11	"Birth"	2004-08-11	2004-08-14
2437	1	"PUE"	2004-08-11	"End"	2004-08-14	2004-08-14
2438	1	"PUE"	2004-08-11	"Birth"	2004-08-11	2004-08-14
2438	1	"PUE"	2004-08-11	"End"	2004-08-14	2004-08-14
2439	1	"CAL"	2004-08-22	"Birth"	2004-08-22	2004-08-27
2439	1	"CAL"	2004-08-22	"End"	2004-08-27	2004-08-27
2440	1	"CAL"	2004-08-22	"Birth"	2004-08-22	2004-08-22
2440	1	"CAL"	2004-08-22	"End"	2004-08-22	2004-08-22
2441	1	"SOZ"	2005-01-23	"Birth"	2005-01-23	2005-01-23
2441	1	"SOZ"	2005-01-23	"End"	2005-01-23	2005-01-23
2442	1	"SOZ"	2005-01-23	"Birth"	2005-01-23	2005-01-23
2442	1	"SOZ"	2005-01-23	"End"	2005-01-23	2005-01-23
2444	1	"QUE"	2005-02-15	"Birth"	2005-02-15	2008-06-03
2444	2	"LAN"	2008-06-03	"Transfer"	2008-06-03	2010-11-02
2444	3	"BOW"	2010-11-02	"Transfer"	2010-11-02	2016-07-24
2444	3	"BOW"	2010-11-02	"End"	2016-07-24	2016-07-24
2445	1	"PUE"	2005-03-30	"Birth"	2005-03-30	2005-04-01
2445	1	"PUE"	2005-03-30	"End"	2005-04-01	2005-04-01
2446	1	"PUE"	2005-04-01	"Birth"	2005-04-01	2005-04-01
2446	1	"PUE"	2005-04-01	"End"	2005-04-01	2005-04-01
2447	1	"CAL"	2005-04-09	"Birth"	2005-04-09	2005-04-09
2447	1	"CAL"	2005-04-09	"End"	2005-04-09	2005-04-09
2448	1	"CAL"	2005-04-09	"Birth"	2005-04-09	2005-04-09
2448	1	"CAL"	2005-04-09	"End"	2005-04-09	2005-04-09
2449	1	"SOZ"	2005-09-17	"Birth"	2005-09-17	2006-08-31
2449	2	"ELP"	2006-08-31	"Transfer"	2006-08-31	2017-07-15
2449	2	"ELP"	2006-08-31	"Breed"	2013-04-26	2017-07-15
2449	2	"ELP"	2006-08-31	"Breed"	2014-08-22	2017-07-15
2449	2	"ELP"	2006-08-31	"Breed"	2016-09-28	2017-07-15
2449	2	"ELP"	2006-08-31	"End"	2017-07-15	2017-07-15
2450	1	"SOZ"	2005-09-17	"Birth"	2005-09-17	2008-11-25
2450	2	"WIL"	2008-11-25	"Transfer"	2008-11-25	2011-10-07
2450	3	"CLE"	2011-10-07	"Transfer"	2011-10-07	2020-10-15
2450	3	"CLE"	2011-10-07	"Breed"	2015-05-18	2020-10-15
2450	4	"ELP"	2020-10-15	"Transfer"	2020-10-15	2020-10-15
2450	4	"ELP"	2020-10-15	"End"	2020-10-15	2020-10-15
2451	1	"DUK"	2004-10-02	"Birth"	2004-10-02	2008-10-02
2451	2	"GAR"	2008-10-02	"Transfer"	2008-10-02	2013-11-15
2451	2	"GAR"	2008-10-02	"Breed"	2010-03-14	2013-11-15
2451	2	"GAR"	2008-10-02	"Breed"	2010-12-06	2013-11-15
2451	2	"GAR"	2008-10-02	"Breed"	2011-10-27	2013-11-15
2451	3	"PUE"	2013-11-15	"Transfer"	2013-11-15	2016-02-05
2451	3	"PUE"	2013-11-15	"End"	2016-02-05	2016-02-05
2452	1	"CLE"	2005-12-24	"Birth"	2005-12-24	2005-12-24
2452	1	"CLE"	2005-12-24	"End"	2005-12-24	2005-12-24
2490	1	"CLE"	2004-08-20	"Birth"	2004-08-20	2004-08-24
2490	1	"CLE"	2004-08-20	"End"	2004-08-24	2004-08-24
2493	1	"QUE"	2005-02-15	"Birth"	2005-02-15	2008-06-03
2493	2	"LAN"	2008-06-03	"Transfer"	2008-06-03	2010-11-02
2493	3	"BOW"	2010-11-02	"Transfer"	2010-11-02	2016-07-24
2493	3	"BOW"	2010-11-02	"End"	2016-07-24	2016-07-24
2495	1	"MOO"	2006-03-24	"Birth"	2006-03-24	2006-03-24
2495	1	"MOO"	2006-03-24	"End"	2006-03-24	2006-03-24
2496	1	"MOO"	2006-03-24	"Birth"	2006-03-24	2008-09-17
2496	2	"HOU"	2008-09-17	"Transfer"	2008-09-17	2008-12-17
2496	3	"CLE"	2008-12-17	"Transfer"	2008-12-17	2016-04-19
2496	3	"CLE"	2008-12-17	"Breed"	2009-11-06	2016-04-19
2496	3	"CLE"	2008-12-17	"Breed"	2015-01-22	2016-04-19
2496	4	"DUK"	2016-04-19	"Transfer"	2016-04-19	2017-06-07
2496	4	"DUK"	2016-04-19	"Breed"	2017-01-18	2017-06-07
2496	4	"DUK"	2016-04-19	"End"	2017-06-07	2017-06-07
2498	1	"DUK"	2006-06-01	"Birth"	2006-06-01	2015-06-17
2498	1	"DUK"	2006-06-01	"Breed"	2010-09-17	2015-06-17
2498	1	"DUK"	2006-06-01	"Breed"	2012-06-20	2015-06-17
2498	1	"DUK"	2006-06-01	"End"	2015-06-17	2015-06-17
2499	1	"DUK"	2006-06-01	"Birth"	2006-06-01	2008-10-02
2499	2	"OMA"	2008-10-02	"Transfer"	2008-10-02	2017-03-04
2499	2	"OMA"	2008-10-02	"End"	2017-03-04	2017-03-04
2500	1	"SOZ"	2006-06-18	"Birth"	2006-06-18	2008-09-17
2500	2	"OMA"	2008-09-17	"Transfer"	2008-09-17	2013-12-18
2500	2	"OMA"	2008-09-17	"End"	2013-12-18	2013-12-18
2501	1	"CLE"	2007-01-07	"Birth"	2007-01-07	2009-11-06
2501	1	"CLE"	2007-01-07	"Breed"	2009-11-06	2009-11-06
2501	1	"CLE"	2007-01-07	"End"	2009-11-06	2009-11-06
2502	1	"CLE"	2007-01-07	"Birth"	2007-01-07	2009-05-05
2502	2	"DUK"	2009-05-05	"Transfer"	2009-05-05	2019-09-10
2502	2	"DUK"	2009-05-05	"Breed"	2010-09-17	2019-09-10
2502	2	"DUK"	2009-05-05	"Breed"	2012-06-20	2019-09-10
2502	2	"DUK"	2009-05-05	"Breed"	2017-01-18	2019-09-10
2502	3	"EVA"	2019-09-10	"Transfer"	2019-09-10	2019-09-10
2502	3	"EVA"	2019-09-10	"End"	2019-09-10	2019-09-10
2502	3	"EVA"	2019-09-10	"Breed"	2020-10-27	2019-09-10
2503	1	"ABQ"	2007-01-18	"Birth"	2007-01-18	2007-01-24
2503	1	"ABQ"	2007-01-18	"End"	2007-01-24	2007-01-24
2504	1	"ABQ"	2007-01-18	"Birth"	2007-01-18	2009-06-25
2504	2	"PRO"	2009-06-25	"Transfer"	2009-06-25	2022-10-26
2504	3	"ELP"	2022-10-26	"Transfer"	2022-10-26	2025-03-26
2504	3	"ELP"	2022-10-26	"End"	2025-03-26	2025-03-26
2505	1	"SOZ"	2006-06-20	"Birth"	2006-06-20	2006-06-20
2505	1	"SOZ"	2006-06-20	"End"	2006-06-20	2006-06-20
2506	1	"PUE"	2006-04-06	"Birth"	2006-04-06	2008-10-29
2506	2	"CLE"	2008-10-29	"Transfer"	2008-10-29	2012-07-28
2506	2	"CLE"	2008-10-29	"Breed"	2009-08-14	2012-07-28
2506	2	"CLE"	2008-10-29	"End"	2012-07-28	2012-07-28
2507	1	"PUE"	2006-04-06	"Birth"	2006-04-06	2008-07-09
2507	2	"OMA"	2008-07-09	"Transfer"	2008-07-09	2015-11-04
2507	2	"OMA"	2008-07-09	"End"	2015-11-04	2015-11-04
2600	1	"AKR"	2008-11-20	"Birth"	2008-11-20	2010-03-13
2600	2	"CIN"	2010-03-13	"Transfer"	2010-03-13	2018-06-22
2600	2	"CIN"	2010-03-13	"End"	2018-06-22	2018-06-22
2601	1	"MOO"	2008-03-12	"Birth"	2008-03-12	2008-03-13
2601	1	"MOO"	2008-03-12	"End"	2008-03-13	2008-03-13
2602	1	"MOO"	2008-03-12	"Birth"	2008-03-12	2008-04-05
2602	1	"MOO"	2008-03-12	"End"	2008-04-05	2008-04-05
2603	1	"OMA"	2008-11-22	"Birth"	2008-11-22	2008-11-22
2603	1	"OMA"	2008-11-22	"End"	2008-11-22	2008-11-22
2604	1	"PHI"	2008-03-16	"Birth"	2008-03-16	2008-03-20
2604	1	"PHI"	2008-03-16	"End"	2008-03-20	2008-03-20
2605	1	"PHI"	2008-03-16	"Birth"	2008-03-16	2009-07-09
2605	2	"PRO"	2009-07-09	"Transfer"	2009-07-09	2015-10-08
2605	3	"AKR"	2015-10-08	"Transfer"	2015-10-08	2015-10-08
2605	3	"AKR"	2015-10-08	"End"	2015-10-08	2015-10-08
2606	1	"PUE"	2008-02-12	"Birth"	2008-02-12	2008-02-12
2606	1	"PUE"	2008-02-12	"End"	2008-02-12	2008-02-12
2607	1	"ABQ"	2008-09-18	"Birth"	2008-09-18	2018-12-18
2607	2	"SOZ"	2018-12-18	"Transfer"	2018-12-18	2019-02-01
2607	2	"SOZ"	2018-12-18	"Breed"	2019-01-31	2019-02-01
2607	2	"SOZ"	2018-12-18	"End"	2019-02-01	2019-02-01
2608	1	"ABQ"	2008-09-18	"Birth"	2008-09-18	2009-08-27
2608	2	"DUK"	2009-08-27	"Transfer"	2009-08-27	2017-06-20
2608	2	"DUK"	2009-08-27	"Breed"	2011-02-04	2017-06-20
2608	2	"DUK"	2009-08-27	"Breed"	2012-04-09	2017-06-20
2608	3	"AKR"	2017-06-20	"Transfer"	2017-06-20	2021-01-19
2608	3	"AKR"	2017-06-20	"Breed"	2019-05-16	2021-01-19
2608	3	"AKR"	2017-06-20	"End"	2021-01-19	2021-01-19
2609	1	"CLE"	2009-08-14	"Birth"	2009-08-14	2012-06-13
2609	2	"MEM"	2012-06-13	"Transfer"	2012-06-13	2016-04-23
2609	3	"OMA"	2016-04-23	"Transfer"	2016-04-23	2016-05-28
2609	3	"OMA"	2016-04-23	"End"	2016-05-28	2016-05-28
2610	1	"CLE"	2009-11-06	"Birth"	2009-11-06	2009-11-06
2610	1	"CLE"	2009-11-06	"End"	2009-11-06	2009-11-06
2611	1	"MOO"	2009-05-13	"Birth"	2009-05-13	2009-05-22
2611	1	"MOO"	2009-05-13	"End"	2009-05-22	2009-05-22
2612	1	"PHI"	2009-03-27	"Birth"	2009-03-27	2009-03-30
2612	1	"PHI"	2009-03-27	"End"	2009-03-30	2009-03-30
2613	1	"ABQ"	2009-07-18	"Birth"	2009-07-18	2009-07-23
2613	1	"ABQ"	2009-07-18	"End"	2009-07-23	2009-07-23
2614	1	"ABQ"	2009-07-18	"Birth"	2009-07-18	2018-12-18
2614	2	"SOZ"	2018-12-18	"Transfer"	2018-12-18	2019-11-05
2614	3	"PUE"	2019-11-05	"Transfer"	2019-11-05	2025-03-26
2614	3	"PUE"	2019-11-05	"End"	2025-03-26	2025-03-26
2615	1	"CHI"	2009-04-25	"Birth"	2009-04-25	2009-04-25
2615	1	"CHI"	2009-04-25	"End"	2009-04-25	2009-04-25
2616	1	"CHI"	2009-04-25	"Birth"	2009-04-25	2009-04-25
2616	1	"CHI"	2009-04-25	"End"	2009-04-25	2009-04-25
2617	1	"PHI"	2010-02-05	"Birth"	2010-02-05	2025-03-26
2617	1	"PHI"	2010-02-05	"End"	2025-03-26	2025-03-26
2618	1	"PHI"	2010-02-05	"Birth"	2010-02-05	2010-02-07
2618	1	"PHI"	2010-02-05	"End"	2010-02-07	2010-02-07
2622	1	"DUK"	2010-09-17	"Birth"	2010-09-17	2016-02-08
2622	2	"MEM"	2016-02-08	"Transfer"	2016-02-08	2019-05-16
2622	3	"CIN"	2019-05-16	"Transfer"	2019-05-16	2025-03-26
2622	3	"CIN"	2019-05-16	"Breed"	2025-01-01	2025-03-26
2622	3	"CIN"	2019-05-16	"End"	2025-03-26	2025-03-26
2623	1	"DUK"	2010-09-17	"Birth"	2010-09-17	2011-12-01
2623	2	"SOZ"	2011-12-01	"Transfer"	2011-12-01	2014-05-14
2623	3	"NYB"	2014-05-14	"Transfer"	2014-05-14	2025-03-26
2623	3	"NYB"	2014-05-14	"Breed"	2015-03-01	2025-03-26
2623	3	"NYB"	2014-05-14	"Breed"	2015-03-04	2025-03-26
2623	3	"NYB"	2014-05-14	"Breed"	2020-03-11	2025-03-26
2623	3	"NYB"	2014-05-14	"Breed"	2021-03-11	2025-03-26
2623	3	"NYB"	2014-05-14	"End"	2025-03-26	2025-03-26
2624	1	"GAR"	2010-03-14	"Birth"	2010-03-14	2017-10-25
2624	2	"DUK"	2017-10-25	"Transfer"	2017-10-25	2017-11-22
2624	2	"DUK"	2017-10-25	"End"	2017-11-22	2017-11-22
2625	1	"GAR"	2010-12-06	"Birth"	2010-12-06	2011-10-13
2625	2	"CIN"	2011-10-13	"Transfer"	2011-10-13	2020-03-03
2625	2	"CIN"	2011-10-13	"End"	2020-03-03	2020-03-03
2626	1	"GAR"	2010-12-06	"Birth"	2010-12-06	2014-04-22
2626	2	"CBR"	2014-04-22	"Transfer"	2014-04-22	2022-11-02
2626	2	"CBR"	2014-04-22	"Breed"	2015-04-24	2022-11-02
2626	2	"CBR"	2014-04-22	"Breed"	2015-04-28	2022-11-02
2626	2	"CBR"	2014-04-22	"Breed"	2016-11-03	2022-11-02
2626	2	"CBR"	2014-04-22	"Breed"	2020-08-26	2022-11-02
2626	3	"MIL"	2022-11-02	"Transfer"	2022-11-02	2025-03-26
2626	3	"MIL"	2022-11-02	"End"	2025-03-26	2025-03-26
2627	1	"MIN"	2010-09-25	"Birth"	2010-09-25	2010-09-25
2627	1	"MIN"	2010-09-25	"End"	2010-09-25	2010-09-25
2628	1	"MIN"	2010-09-25	"Birth"	2010-09-25	2010-09-25
2628	1	"MIN"	2010-09-25	"End"	2010-09-25	2010-09-25
2629	1	"MIN"	2010-09-25	"Birth"	2010-09-25	2010-09-25
2629	1	"MIN"	2010-09-25	"End"	2010-09-25	2010-09-25
2630	1	"MOO"	2010-03-22	"Birth"	2010-03-22	2021-06-15
2630	1	"MOO"	2010-03-22	"Breed"	2020-01-16	2021-06-15
2630	2	"CIN"	2021-06-15	"Transfer"	2021-06-15	2025-03-26
2630	2	"CIN"	2021-06-15	"Breed"	2025-01-01	2025-03-26
2630	2	"CIN"	2021-06-15	"End"	2025-03-26	2025-03-26
2631	1	"MOO"	2010-03-22	"Birth"	2010-03-22	2014-02-20
2631	2	"CBR"	2014-02-20	"Transfer"	2014-02-20	2022-11-02
2631	2	"CBR"	2014-02-20	"Breed"	2015-04-24	2022-11-02
2631	2	"CBR"	2014-02-20	"Breed"	2015-04-28	2022-11-02
2631	2	"CBR"	2014-02-20	"Breed"	2016-11-03	2022-11-02
2631	2	"CBR"	2014-02-20	"Breed"	2020-08-26	2022-11-02
2631	3	"MIL"	2022-11-02	"Transfer"	2022-11-02	2025-03-26
2631	3	"MIL"	2022-11-02	"End"	2025-03-26	2025-03-26
2632	1	"PHI"	2010-08-09	"Birth"	2010-08-09	2012-02-01
2632	2	"ELP"	2012-02-01	"Transfer"	2012-02-01	2012-02-01
2632	2	"ELP"	2012-02-01	"End"	2012-02-01	2012-02-01
2632	2	"ELP"	2012-02-01	"Breed"	2013-04-26	2012-02-01
2632	2	"ELP"	2012-02-01	"Breed"	2014-08-22	2012-02-01
2632	2	"ELP"	2012-02-01	"Breed"	2016-09-28	2012-02-01
2633	1	"PHI"	2010-08-09	"Birth"	2010-08-09	2010-08-09
2633	1	"PHI"	2010-08-09	"End"	2010-08-09	2010-08-09
2634	1	"ABQ"	2010-08-12	"Birth"	2010-08-12	2014-04-24
2634	2	"LIT"	2014-04-24	"Transfer"	2014-04-24	2014-04-24
2634	2	"LIT"	2014-04-24	"End"	2014-04-24	2014-04-24
2634	2	"LIT"	2014-04-24	"Breed"	2017-08-08	2014-04-24
2634	2	"LIT"	2014-04-24	"Breed"	2021-06-18	2014-04-24
2634	2	"LIT"	2014-04-24	"Breed"	2023-11-18	2014-04-24
2635	1	"ABQ"	2010-08-12	"Birth"	2010-08-12	2013-12-12
2635	2	"BUS"	2013-12-12	"Transfer"	2013-12-12	2017-01-03
2635	3	"BLO"	2017-01-03	"Transfer"	2017-01-03	2018-02-23
2635	3	"BLO"	2017-01-03	"End"	2018-02-23	2018-02-23
2636	1	"NYB"	2010-12-06	"Birth"	2010-12-06	2011-05-22
2636	1	"NYB"	2010-12-06	"End"	2011-05-22	2011-05-22
2637	1	"DUK"	2011-02-04	"Birth"	2011-02-04	2011-10-26
2637	2	"CBR"	2011-10-26	"Transfer"	2011-10-26	2015-07-08
2637	3	"CHI"	2015-07-08	"Transfer"	2015-07-08	2025-03-26
2637	3	"CHI"	2015-07-08	"Breed"	2016-04-25	2025-03-26
2637	3	"CHI"	2015-07-08	"Breed"	2017-03-01	2025-03-26
2637	3	"CHI"	2015-07-08	"Breed"	2017-11-28	2025-03-26
2637	3	"CHI"	2015-07-08	"End"	2025-03-26	2025-03-26
2638	1	"MOO"	2011-06-14	"Birth"	2011-06-14	2011-06-14
2638	1	"MOO"	2011-06-14	"End"	2011-06-14	2011-06-14
2638	1	"MOO"	2011-06-14	"Breed"	2016-12-16	2011-06-14
2638	1	"MOO"	2011-06-14	"Breed"	2020-12-04	2011-06-14
2638	1	"MOO"	2011-06-14	"Breed"	2022-12-24	2011-06-14
2639	1	"MOO"	2011-06-14	"Birth"	2011-06-14	2013-12-04
2639	2	"COL"	2013-12-04	"Transfer"	2013-12-04	2013-12-04
2639	2	"COL"	2013-12-04	"End"	2013-12-04	2013-12-04
2639	2	"COL"	2013-12-04	"Breed"	2015-06-09	2013-12-04
2639	2	"COL"	2013-12-04	"Breed"	2016-03-25	2013-12-04
2639	2	"COL"	2013-12-04	"Breed"	2017-02-05	2013-12-04
2639	2	"COL"	2013-12-04	"Breed"	2018-05-27	2013-12-04
2639	2	"COL"	2013-12-04	"Breed"	2019-05-28	2013-12-04
2639	2	"COL"	2013-12-04	"Breed"	2021-02-25	2013-12-04
2640	1	"DUK"	2012-04-09	"Birth"	2012-04-09	2014-05-14
2640	2	"NYB"	2014-05-14	"Transfer"	2014-05-14	2025-03-26
2640	2	"NYB"	2014-05-14	"Breed"	2015-03-01	2025-03-26
2640	2	"NYB"	2014-05-14	"Breed"	2015-03-04	2025-03-26
2640	2	"NYB"	2014-05-14	"Breed"	2020-03-11	2025-03-26
2640	2	"NYB"	2014-05-14	"Breed"	2021-03-11	2025-03-26
2640	2	"NYB"	2014-05-14	"End"	2025-03-26	2025-03-26
2641	1	"DUK"	2012-04-09	"Birth"	2012-04-09	2014-06-11
2641	2	"SOZ"	2014-06-11	"Transfer"	2014-06-11	2018-05-23
2641	3	"EVA"	2018-05-23	"Transfer"	2018-05-23	2025-03-26
2641	3	"EVA"	2018-05-23	"Breed"	2020-10-27	2025-03-26
2641	3	"EVA"	2018-05-23	"End"	2025-03-26	2025-03-26
2642	1	"GAR"	2011-10-27	"Birth"	2011-10-27	2013-11-23
2642	2	"COL"	2013-11-23	"Transfer"	2013-11-23	2025-03-26
2642	2	"COL"	2013-11-23	"Breed"	2015-06-09	2025-03-26
2642	2	"COL"	2013-11-23	"Breed"	2016-03-25	2025-03-26
2642	2	"COL"	2013-11-23	"Breed"	2017-02-05	2025-03-26
2642	2	"COL"	2013-11-23	"Breed"	2021-02-25	2025-03-26
2642	2	"COL"	2013-11-23	"End"	2025-03-26	2025-03-26
2643	1	"NYB"	2011-12-09	"Birth"	2011-12-09	2011-12-11
2643	1	"NYB"	2011-12-09	"End"	2011-12-11	2011-12-11
2644	1	"NYB"	2011-12-09	"Birth"	2011-12-09	2011-12-12
2644	1	"NYB"	2011-12-09	"End"	2011-12-12	2011-12-12
2645	1	"ABQ"	2011-12-07	"Birth"	2011-12-07	2015-01-20
2645	1	"ABQ"	2011-12-07	"End"	2015-01-20	2015-01-20
2646	1	"ELP"	2013-04-26	"Birth"	2013-04-26	2015-07-07
2646	2	"CHI"	2015-07-07	"Transfer"	2015-07-07	2025-03-26
2646	2	"CHI"	2015-07-07	"Breed"	2016-04-25	2025-03-26
2646	2	"CHI"	2015-07-07	"Breed"	2017-03-01	2025-03-26
2646	2	"CHI"	2015-07-07	"Breed"	2017-11-28	2025-03-26
2646	2	"CHI"	2015-07-07	"End"	2025-03-26	2025-03-26
2647	1	"ELP"	2013-04-26	"Birth"	2013-04-26	2015-05-27
2647	2	"GAR"	2015-05-27	"Transfer"	2015-05-27	2017-03-16
2647	2	"GAR"	2015-05-27	"End"	2017-03-16	2017-03-16
2648	1	"DUK"	2012-06-20	"Birth"	2012-06-20	2012-07-03
2648	1	"DUK"	2012-06-20	"End"	2012-07-03	2012-07-03
2649	1	"DUK"	2012-06-20	"Birth"	2012-06-20	2015-09-10
2649	2	"MOO"	2015-09-10	"Transfer"	2015-09-10	2025-03-26
2649	2	"MOO"	2015-09-10	"Breed"	2016-12-16	2025-03-26
2649	2	"MOO"	2015-09-10	"Breed"	2020-01-16	2025-03-26
2649	2	"MOO"	2015-09-10	"Breed"	2020-12-04	2025-03-26
2649	2	"MOO"	2015-09-10	"Breed"	2022-12-24	2025-03-26
2649	2	"MOO"	2015-09-10	"End"	2025-03-26	2025-03-26
2650	1	"PHI"	2013-01-26	"Birth"	2013-01-26	2013-01-26
2650	1	"PHI"	2013-01-26	"End"	2013-01-26	2013-01-26
2651	1	"PHI"	2013-01-26	"Birth"	2013-01-26	2013-01-26
2651	1	"PHI"	2013-01-26	"End"	2013-01-26	2013-01-26
2652	1	"AKR"	2013-08-21	"Birth"	2013-08-21	2017-06-08
2652	2	"OMA"	2017-06-08	"Transfer"	2017-06-08	2025-03-26
2652	2	"OMA"	2017-06-08	"End"	2025-03-26	2025-03-26
2653	1	"ELP"	2014-08-22	"Birth"	2014-08-22	2015-09-21
2653	2	"ABQ"	2015-09-21	"Transfer"	2015-09-21	2018-12-18
2653	3	"SOZ"	2018-12-18	"Transfer"	2018-12-18	2019-11-05
2653	3	"SOZ"	2018-12-18	"Breed"	2019-01-31	2019-11-05
2653	4	"PUE"	2019-11-05	"Transfer"	2019-11-05	2025-03-26
2653	4	"PUE"	2019-11-05	"End"	2025-03-26	2025-03-26
2654	1	"ELP"	2014-08-22	"Birth"	2014-08-22	2015-09-23
2654	2	"LIT"	2015-09-23	"Transfer"	2015-09-23	2025-03-26
2654	2	"LIT"	2015-09-23	"Breed"	2017-08-08	2025-03-26
2654	2	"LIT"	2015-09-23	"Breed"	2021-06-18	2025-03-26
2654	2	"LIT"	2015-09-23	"Breed"	2023-11-18	2025-03-26
2654	2	"LIT"	2015-09-23	"End"	2025-03-26	2025-03-26
2655	1	"CLE"	2015-01-22	"Birth"	2015-01-22	2015-01-22
2655	1	"CLE"	2015-01-22	"End"	2015-01-22	2015-01-22
2656	1	"CLE"	2015-01-22	"Birth"	2015-01-22	2015-01-22
2656	1	"CLE"	2015-01-22	"End"	2015-01-22	2015-01-22
2657	1	"CBR"	2015-04-24	"Birth"	2015-04-24	2015-04-28
2657	1	"CBR"	2015-04-24	"End"	2015-04-28	2015-04-28
2658	1	"CBR"	2015-04-28	"Birth"	2015-04-28	2015-04-28
2658	1	"CBR"	2015-04-28	"End"	2015-04-28	2015-04-28
2659	1	"CLE"	2015-05-18	"Birth"	2015-05-18	2016-06-03
2659	2	"COL"	2016-06-03	"Transfer"	2016-06-03	2023-11-16
2659	2	"COL"	2016-06-03	"Breed"	2018-05-27	2023-11-16
2659	2	"COL"	2016-06-03	"Breed"	2019-05-28	2023-11-16
2659	3	"MOO"	2023-11-16	"Transfer"	2023-11-16	2025-03-26
2659	3	"MOO"	2023-11-16	"End"	2025-03-26	2025-03-26
2660	1	"CLE"	2015-05-18	"Birth"	2015-05-18	2015-05-19
2660	1	"CLE"	2015-05-18	"End"	2015-05-19	2015-05-19
2661	1	"COL"	2015-06-09	"Birth"	2015-06-09	2016-06-29
2661	2	"BUS"	2016-06-29	"Transfer"	2016-06-29	2017-01-03
2661	3	"BLO"	2017-01-03	"Transfer"	2017-01-03	2025-03-26
2661	3	"BLO"	2017-01-03	"End"	2025-03-26	2025-03-26
2662	1	"COL"	2015-06-09	"Birth"	2015-06-09	2015-06-09
2662	1	"COL"	2015-06-09	"End"	2015-06-09	2015-06-09
2663	1	"NYB"	2015-03-01	"Birth"	2015-03-01	2015-03-06
2663	1	"NYB"	2015-03-01	"End"	2015-03-06	2015-03-06
2664	1	"NYB"	2015-03-04	"Birth"	2015-03-04	2015-03-04
2664	1	"NYB"	2015-03-04	"End"	2015-03-04	2015-03-04
2665	1	"NYB"	2015-04-10	"Birth"	2015-04-10	2015-04-11
2665	1	"NYB"	2015-04-10	"End"	2015-04-11	2015-04-11
2666	1	"COL"	2016-03-25	"Birth"	2016-03-25	2017-08-30
2666	2	"GAR"	2017-08-30	"Transfer"	2017-08-30	2025-03-26
2666	2	"GAR"	2017-08-30	"End"	2025-03-26	2025-03-26
2667	1	"COL"	2016-03-25	"Birth"	2016-03-25	2017-08-28
2667	2	"AKR"	2017-08-28	"Transfer"	2017-08-28	2022-02-25
2667	2	"AKR"	2017-08-28	"Breed"	2019-05-16	2022-02-25
2667	3	"CLE"	2022-02-25	"Transfer"	2022-02-25	2025-03-26
2667	3	"CLE"	2022-02-25	"Breed"	2023-07-25	2025-03-26
2667	3	"CLE"	2022-02-25	"End"	2025-03-26	2025-03-26
2668	1	"CHI"	2016-04-25	"Birth"	2016-04-25	2016-04-27
2668	1	"CHI"	2016-04-25	"End"	2016-04-27	2016-04-27
2669	1	"CHI"	2016-04-25	"Birth"	2016-04-25	2016-04-28
2669	1	"CHI"	2016-04-25	"End"	2016-04-28	2016-04-28
2670	1	"ELP"	2016-09-28	"Birth"	2016-09-28	2016-09-29
2670	1	"ELP"	2016-09-28	"End"	2016-09-29	2016-09-29
2671	1	"ELP"	2016-09-28	"Birth"	2016-09-28	2017-10-25
2671	2	"GAR"	2017-10-25	"Transfer"	2017-10-25	2025-03-26
2671	2	"GAR"	2017-10-25	"End"	2025-03-26	2025-03-26
2672	1	"ELP"	2016-09-28	"Birth"	2016-09-28	2016-10-10
2672	1	"ELP"	2016-09-28	"End"	2016-10-10	2016-10-10
2673	1	"MOO"	2016-12-16	"Birth"	2016-12-16	2018-01-30
2673	2	"PUE"	2018-01-30	"Transfer"	2018-01-30	2019-11-04
2673	3	"MEM"	2019-11-04	"Transfer"	2019-11-04	2025-03-26
2673	3	"MEM"	2019-11-04	"Breed"	2023-12-13	2025-03-26
2673	3	"MEM"	2019-11-04	"End"	2025-03-26	2025-03-26
2674	1	"MOO"	2016-12-16	"Birth"	2016-12-16	2018-04-26
2674	2	"PRO"	2018-04-26	"Transfer"	2018-04-26	2018-04-26
2674	2	"PRO"	2018-04-26	"End"	2018-04-26	2018-04-26
2675	1	"CBR"	2016-11-03	"Birth"	2016-11-03	2016-11-09
2675	1	"CBR"	2016-11-03	"End"	2016-11-09	2016-11-09
2676	1	"CBR"	2016-11-03	"Birth"	2016-11-03	2017-10-26
2676	2	"PHI"	2017-10-26	"Transfer"	2017-10-26	2025-03-26
2676	2	"PHI"	2017-10-26	"End"	2025-03-26	2025-03-26
2677	1	"DUK"	2017-01-18	"Birth"	2017-01-18	2017-09-14
2677	2	"OMA"	2017-09-14	"Transfer"	2017-09-14	2025-03-26
2677	2	"OMA"	2017-09-14	"End"	2025-03-26	2025-03-26
2678	1	"DUK"	2017-01-18	"Birth"	2017-01-18	2017-01-19
2678	1	"DUK"	2017-01-18	"End"	2017-01-19	2017-01-19
2679	1	"COL"	2017-02-05	"Birth"	2017-02-05	2019-07-11
2679	2	"DUL"	2019-07-11	"Transfer"	2019-07-11	2025-03-26
2679	2	"DUL"	2019-07-11	"Breed"	2022-02-28	2025-03-26
2679	2	"DUL"	2019-07-11	"End"	2025-03-26	2025-03-26
2680	1	"COL"	2017-02-05	"Birth"	2017-02-05	2017-02-05
2680	1	"COL"	2017-02-05	"End"	2017-02-05	2017-02-05
2681	1	"CHI"	2017-03-01	"Birth"	2017-03-01	2017-03-28
2681	1	"CHI"	2017-03-01	"End"	2017-03-28	2017-03-28
2682	1	"LIT"	2017-08-08	"Birth"	2017-08-08	2019-02-14
2682	2	"BLO"	2019-02-14	"Transfer"	2019-02-14	2025-03-26
2682	2	"BLO"	2019-02-14	"End"	2025-03-26	2025-03-26
2683	1	"LIT"	2017-08-08	"Birth"	2017-08-08	2019-05-14
2683	2	"MEM"	2019-05-14	"Transfer"	2019-05-14	2019-05-14
2683	2	"MEM"	2019-05-14	"End"	2019-05-14	2019-05-14
2683	2	"MEM"	2019-05-14	"Breed"	2023-12-13	2019-05-14
2684	1	"CHI"	2017-11-28	"Birth"	2017-11-28	2017-11-30
2684	1	"CHI"	2017-11-28	"End"	2017-11-30	2017-11-30
2685	1	"CHI"	2017-11-28	"Birth"	2017-11-28	2019-07-11
2685	2	"DUL"	2019-07-11	"Transfer"	2019-07-11	2025-03-26
2685	2	"DUL"	2019-07-11	"Breed"	2022-02-28	2025-03-26
2685	2	"DUL"	2019-07-11	"End"	2025-03-26	2025-03-26
2686	1	"COL"	2018-05-27	"Birth"	2018-05-27	2018-06-04
2686	1	"COL"	2018-05-27	"End"	2018-06-04	2018-06-04
2687	1	"COL"	2018-05-27	"Birth"	2018-05-27	2018-05-27
2687	1	"COL"	2018-05-27	"End"	2018-05-27	2018-05-27
2688	1	"SOZ"	2019-01-31	"Birth"	2019-01-31	2019-01-31
2688	1	"SOZ"	2019-01-31	"End"	2019-01-31	2019-01-31
2689	1	"COL"	2019-05-28	"Birth"	2019-05-28	2020-06-25
2689	2	"CLE"	2020-06-25	"Transfer"	2020-06-25	2022-06-23
2689	3	"AKR"	2022-06-23	"Transfer"	2022-06-23	2024-04-30
2689	4	"COL"	2024-04-30	"Transfer"	2024-04-30	2025-03-26
2689	4	"COL"	2024-04-30	"End"	2025-03-26	2025-03-26
2690	1	"COL"	2019-05-28	"Birth"	2019-05-28	2020-06-25
2690	2	"CLE"	2020-06-25	"Transfer"	2020-06-25	2022-06-23
2690	3	"AKR"	2022-06-23	"Transfer"	2022-06-23	2025-03-26
2690	3	"AKR"	2022-06-23	"End"	2025-03-26	2025-03-26
2691	1	"AKR"	2019-05-16	"Birth"	2019-05-16	2019-05-16
2691	1	"AKR"	2019-05-16	"End"	2019-05-16	2019-05-16
2692	1	"MEM"	2010-09-25	"Birth"	2010-09-25	2010-09-25
2692	1	"MEM"	2010-09-25	"End"	2010-09-25	2010-09-25
2693	1	"NYB"	2010-12-06	"Birth"	2010-12-06	2010-12-06
2693	1	"NYB"	2010-12-06	"End"	2010-12-06	2010-12-06
2694	1	"MEM"	2010-09-27	"Birth"	2010-09-27	2010-09-27
2694	1	"MEM"	2010-09-27	"End"	2010-09-27	2010-09-27
2695	1	"AKR"	2008-11-20	"Birth"	2008-11-20	2008-11-21
2695	1	"AKR"	2008-11-20	"End"	2008-11-21	2008-11-21
2696	1	"AKR"	2008-04-03	"Birth"	2008-04-03	2008-04-03
2696	1	"AKR"	2008-04-03	"End"	2008-04-03	2008-04-03
2697	1	"AKR"	2008-04-03	"Birth"	2008-04-03	2008-04-03
2697	1	"AKR"	2008-04-03	"End"	2008-04-03	2008-04-03
2698	1	"AKR"	2007-06-15	"Birth"	2007-06-15	2007-06-16
2698	1	"AKR"	2007-06-15	"End"	2007-06-16	2007-06-16
2699	1	"AKR"	2007-06-15	"Birth"	2007-06-15	2007-06-16
2699	1	"AKR"	2007-06-15	"End"	2007-06-16	2007-06-16
2700	1	"PUE"	2007-04-21	"Birth"	2007-04-21	2007-04-23
2700	1	"PUE"	2007-04-21	"End"	2007-04-23	2007-04-23
2701	1	"PUE"	2007-04-21	"Birth"	2007-04-21	2007-04-23
2701	1	"PUE"	2007-04-21	"End"	2007-04-23	2007-04-23
2702	1	"PUE"	2007-04-21	"Birth"	2007-04-21	2007-04-21
2702	1	"PUE"	2007-04-21	"End"	2007-04-21	2007-04-21
2703	1	"CLE"	2005-12-24	"Birth"	2005-12-24	2005-12-24
2703	1	"CLE"	2005-12-24	"End"	2005-12-24	2005-12-24
2704	1	"CLE"	2005-12-24	"Birth"	2005-12-24	2005-12-24
2704	1	"CLE"	2005-12-24	"End"	2005-12-24	2005-12-24
2705	1	"MOO"	2020-01-16	"Birth"	2020-01-16	2020-02-02
2705	1	"MOO"	2020-01-16	"End"	2020-02-02	2020-02-02
2706	1	"NYB"	2020-03-11	"Birth"	2020-03-11	2020-03-11
2706	1	"NYB"	2020-03-11	"End"	2020-03-11	2020-03-11
2707	1	"CBR"	2020-08-26	"Birth"	2020-08-26	2022-10-04
2707	2	"CHI"	2022-10-04	"Transfer"	2022-10-04	2025-03-26
2707	2	"CHI"	2022-10-04	"End"	2025-03-26	2025-03-26
2708	1	"CBR"	2020-08-26	"Birth"	2020-08-26	2022-08-25
2708	2	"NZP"	2022-08-25	"Transfer"	2022-08-25	2025-03-26
2708	2	"NZP"	2022-08-25	"Breed"	2024-03-21	2025-03-26
2708	2	"NZP"	2022-08-25	"End"	2025-03-26	2025-03-26
2709	1	"EVA"	2020-10-27	"Birth"	2020-10-27	2020-10-29
2709	1	"EVA"	2020-10-27	"End"	2020-10-29	2020-10-29
2710	1	"MOO"	2020-12-04	"Birth"	2020-12-04	2021-02-06
2710	1	"MOO"	2020-12-04	"End"	2021-02-06	2021-02-06
2711	1	"COL"	2021-02-25	"Birth"	2021-02-25	2024-04-30
2711	2	"CLE"	2024-04-30	"Transfer"	2024-04-30	2024-04-30
2711	2	"CLE"	2024-04-30	"End"	2024-04-30	2024-04-30
2712	1	"NYB"	2021-03-11	"Birth"	2021-03-11	2021-03-23
2712	1	"NYB"	2021-03-11	"End"	2021-03-23	2021-03-23
2713	1	"NYB"	2021-03-11	"Birth"	2021-03-11	2024-03-28
2713	2	"WGE"	2024-03-28	"Transfer"	2024-03-28	2025-03-26
2713	2	"WGE"	2024-03-28	"End"	2025-03-26	2025-03-26
2714	1	"LIT"	2021-06-18	"Birth"	2021-06-18	2022-08-02
2714	2	"CLE"	2022-08-02	"Transfer"	2022-08-02	2025-03-26
2714	2	"CLE"	2022-08-02	"Breed"	2023-07-25	2025-03-26
2714	2	"CLE"	2022-08-02	"End"	2025-03-26	2025-03-26
2715	1	"LIT"	2021-06-18	"Birth"	2021-06-18	2022-08-23
2715	2	"NZP"	2022-08-23	"Transfer"	2022-08-23	2025-03-26
2715	2	"NZP"	2022-08-23	"Breed"	2024-03-21	2025-03-26
2715	2	"NZP"	2022-08-23	"End"	2025-03-26	2025-03-26
2717	1	"GRE"	2020-06-12	"Birth"	2020-06-12	2021-06-12
2717	2	"VAS"	2021-06-12	"Transfer"	2021-06-12	2022-01-13
2717	3	"WGE"	2022-01-13	"Transfer"	2022-01-13	2025-03-26
2717	3	"WGE"	2022-01-13	"End"	2025-03-26	2025-03-26
2718	1	"DUL"	2022-02-28	"Birth"	2022-02-28	2024-03-15
2718	2	"MEM"	2024-03-15	"Transfer"	2024-03-15	2025-03-26
2718	2	"MEM"	2024-03-15	"End"	2025-03-26	2025-03-26
2719	1	"DUL"	2022-02-28	"Birth"	2022-02-28	2025-03-26
2719	1	"DUL"	2022-02-28	"End"	2025-03-26	2025-03-26
2723	1	"MOO"	2022-12-24	"Birth"	2022-12-24	2025-03-26
2723	1	"MOO"	2022-12-24	"End"	2025-03-26	2025-03-26
2727	1	"CLE"	2023-07-25	"Birth"	2023-07-25	2025-03-26
2727	1	"CLE"	2023-07-25	"End"	2025-03-26	2025-03-26
2729	1	"LIT"	2023-11-18	"Birth"	2023-11-18	2025-03-26
2729	1	"LIT"	2023-11-18	"End"	2025-03-26	2025-03-26
2730	1	"LIT"	2023-11-18	"Birth"	2023-11-18	2025-03-26
2730	1	"LIT"	2023-11-18	"End"	2025-03-26	2025-03-26
2732	1	"MEM"	2023-12-13	"Birth"	2023-12-13	2025-03-26
2732	1	"MEM"	2023-12-13	"End"	2025-03-26	2025-03-26
2735	1	"NZP"	2024-03-21	"Birth"	2024-03-21	2025-03-26
2735	1	"NZP"	2024-03-21	"End"	2025-03-26	2025-03-26
2736	1	"NZP"	2024-03-21	"Birth"	2024-03-21	2025-03-26
2736	1	"NZP"	2024-03-21	"End"	2025-03-26	2025-03-26
2738	1	"CIN"	2025-01-01	"Birth"	2025-01-01	2025-03-26
2738	1	"CIN"	2025-01-01	"End"	2025-03-26	2025-03-26
11045	1	"POZ"	1985-02-14	"Birth"	1985-02-14	1987-02-14
11045	1	"POZ"	1985-02-14	"Breed"	1987-02-14	1987-02-14
11045	1	"POZ"	1985-02-14	"End"	1987-02-14	1987-02-14
12108	1	"IRC"	1987-04-10	"Birth"	1987-04-10	1989-04-10
12108	1	"IRC"	1987-04-10	"Breed"	1989-04-10	1989-04-10
12108	1	"IRC"	1987-04-10	"End"	1989-04-10	1989-04-10
12423	1	"PUB"	1999-01-01	"Birth"	1999-01-01	2001-01-01
12423	1	"PUB"	1999-01-01	"Breed"	2001-01-01	2001-01-01
12423	1	"PUB"	1999-01-01	"End"	2001-01-01	2001-01-01
12423	1	"PUB"	1999-01-01	"Breed"	2002-01-01	2001-01-01
12717	1	"GRE"	2018-06-12	"Birth"	2018-06-12	2020-06-12
12717	1	"GRE"	2018-06-12	"Breed"	2020-06-12	2020-06-12
12717	1	"GRE"	2018-06-12	"End"	2020-06-12	2020-06-12
22717	1	"GRE"	2018-06-12	"Birth"	2018-06-12	2020-06-12
22717	1	"GRE"	2018-06-12	"Breed"	2020-06-12	2020-06-12
22717	1	"GRE"	2018-06-12	"End"	2020-06-12	2020-06-12
